"Label (Grouping)","Androscoggin County, Maine!!Total!!Estimate","Androscoggin County, Maine!!Total!!Margin of Error","Androscoggin County, Maine!!With a disability!!Estimate","Androscoggin County, Maine!!With a disability!!Margin of Error","Androscoggin County, Maine!!Percent with a disability!!Estimate","Androscoggin County, Maine!!Percent with a disability!!Margin of Error","Aroostook County, Maine!!Total!!Estimate","Aroostook County, Maine!!Total!!Margin of Error","Aroostook County, Maine!!With a disability!!Estimate","Aroostook County, Maine!!With a disability!!Margin of Error","Aroostook County, Maine!!Percent with a disability!!Estimate","Aroostook County, Maine!!Percent with a disability!!Margin of Error","Cumberland County, Maine!!Total!!Estimate","Cumberland County, Maine!!Total!!Margin of Error","Cumberland County, Maine!!With a disability!!Estimate","Cumberland County, Maine!!With a disability!!Margin of Error","Cumberland County, Maine!!Percent with a disability!!Estimate","Cumberland County, Maine!!Percent with a disability!!Margin of Error","Franklin County, Maine!!Total!!Estimate","Franklin County, Maine!!Total!!Margin of Error","Franklin County, Maine!!With a disability!!Estimate","Franklin County, Maine!!With a disability!!Margin of Error","Franklin County, Maine!!Percent with a disability!!Estimate","Franklin County, Maine!!Percent with a disability!!Margin of Error","Hancock County, Maine!!Total!!Estimate","Hancock County, Maine!!Total!!Margin of Error","Hancock County, Maine!!With a disability!!Estimate","Hancock County, Maine!!With a disability!!Margin of Error","Hancock County, Maine!!Percent with a disability!!Estimate","Hancock County, Maine!!Percent with a disability!!Margin of Error","Kennebec County, Maine!!Total!!Estimate","Kennebec County, Maine!!Total!!Margin of Error","Kennebec County, Maine!!With a disability!!Estimate","Kennebec County, Maine!!With a disability!!Margin of Error","Kennebec County, Maine!!Percent with a disability!!Estimate","Kennebec County, Maine!!Percent with a disability!!Margin of Error","Knox County, Maine!!Total!!Estimate","Knox County, Maine!!Total!!Margin of Error","Knox County, Maine!!With a disability!!Estimate","Knox County, Maine!!With a disability!!Margin of Error","Knox County, Maine!!Percent with a disability!!Estimate","Knox County, Maine!!Percent with a disability!!Margin of Error","Lincoln County, Maine!!Total!!Estimate","Lincoln County, Maine!!Total!!Margin of Error","Lincoln County, Maine!!With a disability!!Estimate","Lincoln County, Maine!!With a disability!!Margin of Error","Lincoln County, Maine!!Percent with a disability!!Estimate","Lincoln County, Maine!!Percent with a disability!!Margin of Error","Oxford County, Maine!!Total!!Estimate","Oxford County, Maine!!Total!!Margin of Error","Oxford County, Maine!!With a disability!!Estimate","Oxford County, Maine!!With a disability!!Margin of Error","Oxford County, Maine!!Percent with a disability!!Estimate","Oxford County, Maine!!Percent with a disability!!Margin of Error","Penobscot County, Maine!!Total!!Estimate","Penobscot County, Maine!!Total!!Margin of Error","Penobscot County, Maine!!With a disability!!Estimate","Penobscot County, Maine!!With a disability!!Margin of Error","Penobscot County, Maine!!Percent with a disability!!Estimate","Penobscot County, Maine!!Percent with a disability!!Margin of Error","Piscataquis County, Maine!!Total!!Estimate","Piscataquis County, Maine!!Total!!Margin of Error","Piscataquis County, Maine!!With a disability!!Estimate","Piscataquis County, Maine!!With a disability!!Margin of Error","Piscataquis County, Maine!!Percent with a disability!!Estimate","Piscataquis County, Maine!!Percent with a disability!!Margin of Error","Sagadahoc County, Maine!!Total!!Estimate","Sagadahoc County, Maine!!Total!!Margin of Error","Sagadahoc County, Maine!!With a disability!!Estimate","Sagadahoc County, Maine!!With a disability!!Margin of Error","Sagadahoc County, Maine!!Percent with a disability!!Estimate","Sagadahoc County, Maine!!Percent with a disability!!Margin of Error","Somerset County, Maine!!Total!!Estimate","Somerset County, Maine!!Total!!Margin of Error","Somerset County, Maine!!With a disability!!Estimate","Somerset County, Maine!!With a disability!!Margin of Error","Somerset County, Maine!!Percent with a disability!!Estimate","Somerset County, Maine!!Percent with a disability!!Margin of Error","Waldo County, Maine!!Total!!Estimate","Waldo County, Maine!!Total!!Margin of Error","Waldo County, Maine!!With a disability!!Estimate","Waldo County, Maine!!With a disability!!Margin of Error","Waldo County, Maine!!Percent with a disability!!Estimate","Waldo County, Maine!!Percent with a disability!!Margin of Error","Washington County, Maine!!Total!!Estimate","Washington County, Maine!!Total!!Margin of Error","Washington County, Maine!!With a disability!!Estimate","Washington County, Maine!!With a disability!!Margin of Error","Washington County, Maine!!Percent with a disability!!Estimate","Washington County, Maine!!Percent with a disability!!Margin of Error","York County, Maine!!Total!!Estimate","York County, Maine!!Total!!Margin of Error","York County, Maine!!With a disability!!Estimate","York County, Maine!!With a disability!!Margin of Error","York County, Maine!!Percent with a disability!!Estimate","York County, Maine!!Percent with a disability!!Margin of Error"
"Total civilian noninstitutionalized population","106,836","±275","18,485","±1,090","17.3%","±1.0","66,151","±285","14,637","±771","22.1%","±1.2","290,964","±490","33,093","±1,252","11.4%","±0.4","29,796","±39","4,611","±429","15.5%","±1.4","54,341","±173","7,788","±511","14.3%","±0.9","120,543","±295","19,649","±860","16.3%","±0.7","38,340","±182","5,752","±526","15.0%","±1.4","33,994","±116","5,570","±522","16.4%","±1.5","57,381","±54","10,544","±678","18.4%","±1.2","149,991","±287","27,152","±1,116","18.1%","±0.7","16,695","±113","4,404","±354","26.4%","±2.1","35,612","±85","4,213","±379","11.8%","±1.1","49,998","±129","10,242","±673","20.5%","±1.3","39,601","±58","6,534","±500","16.5%","±1.3","30,789","±140","6,980","±315","22.7%","±1.0","203,993","±367","30,423","±1,487","14.9%","±0.7"
"    SEX","","","","","","","","","","","","","","","","","","","","","","","","","","","","","","","","","","","","","","","","","","","","","","","","","","","","","","","","","","","","","","","","","","","","","","","","","","","","","","","","","","","","","","","","","","","","","","","",""
"        Male","52,361","±232","9,199","±706","17.6%","±1.3","32,834","±232","7,194","±457","21.9%","±1.4","140,649","±414","15,894","±878","11.3%","±0.6","14,582","±104","2,556","±297","17.5%","±2.0","26,258","±192","3,717","±341","14.2%","±1.3","58,572","±283","9,841","±644","16.8%","±1.1","18,629","±217","2,802","±309","15.0%","±1.7","16,626","±114","2,967","±392","17.8%","±2.4","28,344","±126","5,437","±423","19.2%","±1.5","74,334","±188","13,541","±753","18.2%","±1.0","8,422","±100","2,400","±229","28.5%","±2.7","17,449","±125","2,302","±275","13.2%","±1.6","24,798","±161","5,461","±467","22.0%","±1.8","19,390","±80","3,287","±295","17.0%","±1.5","15,048","±110","3,648","±199","24.2%","±1.3","99,136","±338","15,017","±1,039","15.1%","±1.0"
"        Female","54,475","±223","9,286","±770","17.0%","±1.4","33,317","±251","7,443","±550","22.3%","±1.6","150,315","±275","17,199","±934","11.4%","±0.6","15,214","±109","2,055","±275","13.5%","±1.8","28,083","±152","4,071","±335","14.5%","±1.2","61,971","±220","9,808","±629","15.8%","±1.0","19,711","±196","2,950","±375","15.0%","±1.9","17,368","±108","2,603","±285","15.0%","±1.6","29,037","±118","5,107","±442","17.6%","±1.5","75,657","±210","13,611","±665","18.0%","±0.9","8,273","±128","2,004","±244","24.2%","±2.9","18,163","±130","1,911","±247","10.5%","±1.3","25,200","±148","4,781","±447","19.0%","±1.8","20,211","±74","3,247","±345","16.1%","±1.7","15,741","±110","3,332","±226","21.2%","±1.4","104,857","±252","15,406","±1,004","14.7%","±1.0"
"    RACE AND HISPANIC OR LATINO ORIGIN","","","","","","","","","","","","","","","","","","","","","","","","","","","","","","","","","","","","","","","","","","","","","","","","","","","","","","","","","","","","","","","","","","","","","","","","","","","","","","","","","","","","","","","","","","","","","","","",""
"        White alone","97,093","±430","16,963","±1,000","17.5%","±1.0","62,495","±309","13,828","±747","22.1%","±1.2","264,022","±1,047","30,787","±1,226","11.7%","±0.5","28,571","±105","4,471","±428","15.6%","±1.5","51,864","±196","7,540","±502","14.5%","±1.0","115,098","±357","18,715","±866","16.3%","±0.8","36,953","±168","5,575","±513","15.1%","±1.4","32,533","±278","5,325","±518","16.4%","±1.6","54,899","±236","10,001","±627","18.2%","±1.2","141,159","±338","25,596","±1,085","18.1%","±0.8","15,873","±158","4,256","±342","26.8%","±2.2","34,079","±226","4,066","±377","11.9%","±1.1","48,180","±178","9,835","±686","20.4%","±1.4","38,020","±254","6,284","±457","16.5%","±1.2","27,830","±177","6,255","±317","22.5%","±1.1","193,077","±1,019","28,810","±1,382","14.9%","±0.7"
"        Black or African American alone","2,514","±432","200","±74","8.0%","±2.7","670","±117","93","±70","13.9%","±10.8","8,997","±498","858","±215","9.5%","±2.3","83","±56","12","±15","14.5%","±20.2","426","±79","10","±13","2.3%","±2.9","904","±218","189","±130","20.9%","±12.2","95","±65","1","±2","1.1%","±2.6","164","±54","12","±21","7.3%","±12.3","180","±42","9","±13","5.0%","±7.3","1,221","±219","223","±97","18.3%","±7.3","115","±22","6","±7","5.2%","±6.7","232","±99","1","±2","0.4%","±1.1","302","±93","57","±67","18.9%","±23.7","155","±67","31","±33","20.0%","±16.7","212","±111","11","±11","5.2%","±3.6","1,839","±295","397","±85","21.6%","±5.1"
"        American Indian and Alaska Native alone","172","±90","54","±43","31.4%","±15.7","1,289","±112","362","±80","28.1%","±6.7","809","±239","54","±47","6.7%","±6.0","19","±25","17","±25","89.5%","±36.1","319","±73","54","±36","16.9%","±11.7","514","±136","213","±115","41.4%","±18.2","202","±91","36","±39","17.8%","±18.8","127","±58","25","±26","19.7%","±25.2","168","±81","48","±43","28.6%","±21.2","2,040","±297","417","±119","20.4%","±6.1","44","±57","0","±17","0.0%","±41.1","123","±53","45","±43","36.6%","±32.3","143","±69","61","±47","42.7%","±23.1","163","±46","40","±33","24.5%","±19.9","1,680","±94","467","±60","27.8%","±3.4","996","±242","115","±111","11.5%","±10.8"
"        Asian alone","982","±146","19","±22","1.9%","±2.3","214","±53","32","±32","15.0%","±14.9","6,621","±399","488","±150","7.4%","±2.3","142","±44","13","±17","9.2%","±11.7","664","±101","19","±24","2.9%","±3.6","1,156","±132","136","±120","11.8%","±10.3","167","±66","5","±8","3.0%","±5.2","290","±50","7","±11","2.4%","±3.9","307","±80","42","±29","13.7%","±10.5","1,189","±235","89","±58","7.5%","±4.7","130","±91","31","±26","23.8%","±17.1","297","±86","35","±24","11.8%","±8.4","297","±60","37","±50","12.5%","±16.6","158","±43","0","±23","0.0%","±15.9","132","±28","41","±18","31.1%","±13.0","2,348","±297","265","±179","11.3%","±7.6"
"        Native Hawaiian and Other Pacific Islander alone","0","±26","0","±26","-","**","25","±18","6","±8","24.0%","±31.9","28","±33","0","±26","0.0%","±51.6","7","±10","7","±10","100.0%","±100.0","8","±14","0","±26","0.0%","±96.4","67","±45","0","±26","0.0%","±32.3","5","±7","0","±23","0.0%","±100.0","0","±23","0","±23","-","**","3","±5","0","±26","0.0%","±100.0","11","±14","0","±26","0.0%","±82.3","0","±17","0","±17","-","**","0","±23","0","±23","-","**","0","±26","0","±26","-","**","0","±23","0","±23","-","**","9","±7","0","±23","0.0%","±90.9","27","±28","0","±26","0.0%","±52.5"
"        Some other race alone","376","±273","30","±31","8.0%","±10.2","210","±97","10","±14","4.8%","±7.1","1,609","±675","41","±32","2.5%","±2.3","104","±61","10","±16","9.6%","±16.4","104","±81","42","±59","40.4%","±38.4","184","±91","31","±33","16.8%","±16.3","211","±178","3","±5","1.4%","±4.3","79","±46","54","±49","68.4%","±33.2","162","±146","41","±50","25.3%","±30.5","621","±232","71","±62","11.4%","±8.8","161","±87","49","±39","30.4%","±20.1","60","±63","0","±23","0.0%","±34.8","58","±48","6","±19","10.3%","±30.8","228","±206","3","±4","1.3%","±2.4","156","±81","65","±48","41.7%","±19.6","453","±186","88","±94","19.4%","±18.9"
"        Two or more races","5,699","±586","1,219","±276","21.4%","±4.3","1,248","±217","306","±97","24.5%","±5.7","8,878","±1,008","865","±208","9.7%","±2.2","870","±136","81","±38","9.3%","±4.4","956","±175","123","±62","12.9%","±6.3","2,620","±300","365","±121","13.9%","±4.6","707","±182","132","±64","18.7%","±8.1","801","±299","147","±124","18.4%","±11.6","1,662","±231","403","±152","24.2%","±7.7","3,750","±387","756","±169","20.2%","±4.1","372","±146","62","±50","16.7%","±10.3","821","±213","66","±49","8.0%","±6.4","1,018","±154","246","±78","24.2%","±7.8","877","±154","176","±94","20.1%","±9.2","770","±96","141","±42","18.3%","±5.2","5,253","±984","748","±326","14.2%","±4.8"
"        White alone, not Hispanic or Latino","96,331","±364","16,773","±979","17.4%","±1.0","61,976","±314","13,694","±752","22.1%","±1.2","260,202","±1,008","30,327","±1,227","11.7%","±0.5","28,414","±87","4,429","±436","15.6%","±1.5","51,338","±170","7,450","±499","14.5%","±1.0","113,831","±287","18,484","±860","16.2%","±0.8","36,707","±153","5,552","±509","15.1%","±1.4","32,209","±273","5,239","±517","16.3%","±1.6","54,283","±181","9,878","±624","18.2%","±1.2","140,160","±293","25,399","±1,089","18.1%","±0.8","15,720","±131","4,204","±346","26.7%","±2.2","33,528","±193","4,020","±374","12.0%","±1.1","47,802","±156","9,734","±669","20.4%","±1.4","37,562","±230","6,218","±454","16.6%","±1.2","27,472","±140","6,224","±316","22.7%","±1.1","190,662","±963","28,586","±1,390","15.0%","±0.7"
"        Hispanic or Latino (of any race)","2,027","±19","322","±113","15.9%","±5.6","854","±30","203","±71","23.8%","±8.2","6,147","±114","611","±198","9.9%","±3.2","398","±4","65","±51","16.3%","±12.9","829","±7","127","±61","15.3%","±7.3","1,892","±79","249","±110","13.2%","±5.7","529","±53","26","±33","4.9%","±6.1","426","±13","138","±66","32.4%","±15.3","833","±6","227","±82","27.3%","±9.8","2,168","±39","310","±108","14.3%","±5.0","318","±4","86","±61","27.0%","±19.2","654","±2","75","±55","11.5%","±8.3","559","±30","138","±56","24.7%","±10.1","615","±8","76","±39","12.4%","±6.4","768","±23","106","±45","13.8%","±5.8","3,525","±129","397","±182","11.3%","±5.1"
"    AGE","","","","","","","","","","","","","","","","","","","","","","","","","","","","","","","","","","","","","","","","","","","","","","","","","","","","","","","","","","","","","","","","","","","","","","","","","","","","","","","","","","","","","","","","","","","","","","","",""
"        Under 5 years","6,400","±51","18","±23","0.3%","±0.4","3,313","±38","2","±3","0.1%","±0.1","14,172","±48","21","±29","0.1%","±0.2","1,382","±42","0","±20","0.0%","±2.0","2,329","±68","56","±80","2.4%","±3.4","5,808","±71","0","±26","0.0%","±0.5","1,660","±44","0","±23","0.0%","±1.6","1,438","±38","5","±6","0.3%","±0.4","2,561","±69","32","±43","1.2%","±1.6","7,039","±96","23","±20","0.3%","±0.3","751","±50","0","±17","0.0%","±3.6","1,857","±89","0","±23","0.0%","±1.5","2,353","±100","0","±26","0.0%","±1.2","1,822","±58","8","±8","0.4%","±0.4","1,513","±32","57","±45","3.8%","±3.0","9,590","±63","177","±89","1.8%","±0.9"
"        5 to 17 years","16,953","±59","1,855","±348","10.9%","±2.0","8,877","±195","754","±128","8.5%","±1.4","40,599","±81","1,948","±318","4.8%","±0.8","3,941","±60","381","±119","9.7%","±3.0","6,891","±64","290","±103","4.2%","±1.5","17,706","±76","1,609","±286","9.1%","±1.6","5,370","±115","396","±138","7.4%","±2.6","4,359","±63","292","±99","6.7%","±2.3","8,018","±70","1,037","±262","12.9%","±3.3","20,420","±114","1,930","±299","9.5%","±1.5","2,124","±45","224","±85","10.5%","±4.0","4,856","±77","325","±125","6.7%","±2.5","7,254","±104","763","±220","10.5%","±3.0","5,524","±71","413","±102","7.5%","±1.9","4,472","±30","488","±115","10.9%","±2.6","28,948","±110","2,111","±415","7.3%","±1.4"
"        18 to 34 years","22,488","±106","2,282","±389","10.1%","±1.7","11,521","±186","1,348","±240","11.7%","±2.1","64,623","±256","4,515","±576","7.0%","±0.9","6,178","±125","466","±150","7.5%","±2.4","9,709","±127","605","±143","6.2%","±1.5","24,334","±208","2,672","±396","11.0%","±1.6","6,095","±172","812","±286","13.3%","±4.7","5,468","±119","535","±164","9.8%","±3.0","9,853","±116","1,244","±300","12.6%","±3.0","35,631","±249","4,375","±459","12.3%","±1.3","2,492","±67","536","±105","21.5%","±4.2","6,299","±159","363","±119","5.8%","±1.9","8,657","±133","847","±216","9.8%","±2.5","7,045","±97","672","±146","9.5%","±2.1","5,069","±73","821","±138","16.2%","±2.7","39,043","±266","4,173","±655","10.7%","±1.7"
"        35 to 64 years","42,713","±134","7,622","±628","17.8%","±1.5","27,003","±98","6,251","±521","23.1%","±1.9","118,857","±229","11,471","±739","9.7%","±0.6","11,846","±124","1,825","±283","15.4%","±2.4","21,987","±123","2,584","±317","11.8%","±1.4","49,485","±246","7,861","±656","15.9%","±1.3","15,450","±191","1,844","±274","11.9%","±1.7","13,393","±117","2,002","±297","14.9%","±2.2","24,650","±140","4,380","±496","17.8%","±2.0","59,694","±297","10,684","±662","17.9%","±1.1","6,993","±74","1,800","±240","25.7%","±3.4","14,647","±146","1,114","±208","7.6%","±1.4","21,238","±142","4,715","±493","22.2%","±2.3","16,297","±110","2,532","±293","15.5%","±1.8","12,309","±92","2,598","±215","21.1%","±1.7","84,950","±306","10,742","±876","12.6%","±1.0"
"        65 to 74 years","11,143","±99","2,901","±369","26.0%","±3.3","9,150","±83","2,861","±265","31.3%","±2.9","31,927","±214","5,887","±537","18.4%","±1.7","3,978","±60","819","±154","20.6%","±3.9","8,346","±80","1,879","±233","22.5%","±2.7","14,140","±131","3,310","±367","23.4%","±2.6","5,806","±60","1,016","±270","17.5%","±4.6","5,576","±55","1,142","±185","20.5%","±3.3","7,439","±83","1,393","±223","18.7%","±3.0","16,508","±99","4,588","±398","27.8%","±2.4","2,661","±98","857","±127","32.2%","±4.5","4,770","±93","847","±213","17.8%","±4.5","6,568","±139","1,966","±207","29.9%","±3.3","5,686","±53","1,364","±188","24.0%","±3.3","4,584","±68","1,394","±120","30.4%","±2.6","24,810","±234","6,069","±614","24.5%","±2.5"
"        75 years and over","7,139","±227","3,807","±349","53.3%","±4.7","6,287","±214","3,421","±309","54.4%","±4.3","20,786","±324","9,251","±610","44.5%","±2.8","2,471","±45","1,120","±132","45.3%","±5.1","5,079","±124","2,374","±230","46.7%","±4.4","9,070","±213","4,197","±354","46.3%","±3.8","3,959","±75","1,684","±264","42.5%","±6.4","3,760","±80","1,594","±186","42.4%","±4.9","4,860","±82","2,458","±223","50.6%","±4.5","10,699","±198","5,552","±415","51.9%","±3.7","1,674","±65","987","±107","59.0%","±5.7","3,183","±85","1,564","±195","49.1%","±6.0","3,928","±108","1,951","±214","49.7%","±5.2","3,227","±47","1,545","±184","47.9%","±5.7","2,842","±100","1,622","±143","57.1%","±4.6","16,652","±229","7,151","±573","42.9%","±3.3"
"    DISABILITY TYPE BY DETAILED AGE","","","","","","","","","","","","","","","","","","","","","","","","","","","","","","","","","","","","","","","","","","","","","","","","","","","","","","","","","","","","","","","","","","","","","","","","","","","","","","","","","","","","","","","","","","","","","","","",""
"        With a hearing difficulty","(X)","(X)","4,885","±606","4.6%","±0.6","(X)","(X)","5,155","±446","7.8%","±0.7","(X)","(X)","10,916","±817","3.8%","±0.3","(X)","(X)","1,543","±220","5.2%","±0.7","(X)","(X)","2,864","±344","5.3%","±0.6","(X)","(X)","6,234","±578","5.2%","±0.5","(X)","(X)","1,824","±293","4.8%","±0.8","(X)","(X)","1,768","±214","5.2%","±0.6","(X)","(X)","3,190","±391","5.6%","±0.7","(X)","(X)","7,669","±656","5.1%","±0.4","(X)","(X)","1,552","±186","9.3%","±1.1","(X)","(X)","1,278","±192","3.6%","±0.5","(X)","(X)","3,091","±331","6.2%","±0.7","(X)","(X)","2,363","±288","6.0%","±0.7","(X)","(X)","2,317","±208","7.5%","±0.7","(X)","(X)","10,079","±773","4.9%","±0.4"
"            Population under 18 years","23,353","±24","93","±60","0.4%","±0.3","12,190","±190","105","±55","0.9%","±0.4","54,771","±69","199","±95","0.4%","±0.2","5,323","±49","42","±40","0.8%","±0.8","9,220","±64","56","±80","0.6%","±0.9","23,514","±20","97","±70","0.4%","±0.3","7,030","±98","35","±37","0.5%","±0.5","5,797","±62","17","±16","0.3%","±0.3","10,579","±57","110","±92","1.0%","±0.9","27,459","±44","132","±72","0.5%","±0.3","2,875","±55","28","±28","1.0%","±1.0","6,713","±48","0","±23","0.0%","±0.4","9,607","±20","121","±88","1.3%","±0.9","7,346","±34","21","±21","0.3%","±0.3","5,985","±16","95","±55","1.6%","±0.9","38,538","±91","298","±120","0.8%","±0.3"
"                Population under 5 years","6,400","±51","18","±23","0.3%","±0.4","3,313","±38","1","±3","0.0%","±0.1","14,172","±48","21","±29","0.1%","±0.2","1,382","±42","0","±20","0.0%","±2.0","2,329","±68","56","±80","2.4%","±3.4","5,808","±71","0","±26","0.0%","±0.5","1,660","±44","0","±23","0.0%","±1.6","1,438","±38","0","±23","0.0%","±1.9","2,561","±69","28","±42","1.1%","±1.6","7,039","±96","20","±20","0.3%","±0.3","751","±50","0","±17","0.0%","±3.6","1,857","±89","0","±23","0.0%","±1.5","2,353","±100","0","±26","0.0%","±1.2","1,822","±58","5","±8","0.3%","±0.4","1,513","±32","38","±42","2.5%","±2.8","9,590","±63","64","±50","0.7%","±0.5"
"                Population 5 to 17 years","16,953","±59","75","±54","0.4%","±0.3","8,877","±195","104","±54","1.2%","±0.6","40,599","±81","178","±91","0.4%","±0.2","3,941","±60","42","±40","1.1%","±1.0","6,891","±64","0","±26","0.0%","±0.4","17,706","±76","97","±70","0.5%","±0.4","5,370","±115","35","±37","0.7%","±0.7","4,359","±63","17","±16","0.4%","±0.4","8,018","±70","82","±80","1.0%","±1.0","20,420","±114","112","±71","0.5%","±0.3","2,124","±45","28","±28","1.3%","±1.3","4,856","±77","0","±23","0.0%","±0.6","7,254","±104","121","±88","1.7%","±1.2","5,524","±71","16","±20","0.3%","±0.4","4,472","±30","57","±35","1.3%","±0.8","28,948","±110","234","±108","0.8%","±0.4"
"            Population 18 to 64 years","65,201","±149","2,174","±416","3.3%","±0.6","38,524","±176","1,671","±228","4.3%","±0.6","183,480","±335","3,414","±465","1.9%","±0.3","18,024","±69","537","±168","3.0%","±0.9","31,696","±116","638","±142","2.0%","±0.4","73,819","±175","2,491","±465","3.4%","±0.6","21,545","±204","538","±166","2.5%","±0.8","18,861","±121","463","±134","2.5%","±0.7","34,503","±100","1,149","±270","3.3%","±0.8","95,325","±217","2,627","±390","2.8%","±0.4","9,485","±82","499","±130","5.3%","±1.4","20,946","±90","314","±122","1.5%","±0.6","29,895","±143","1,080","±218","3.6%","±0.7","23,342","±57","683","±141","2.9%","±0.6","17,378","±105","673","±120","3.9%","±0.7","123,993","±310","3,221","±460","2.6%","±0.4"
"                Population 18 to 34 years","22,488","±106","152","±87","0.7%","±0.4","11,521","±186","200","±106","1.7%","±0.9","64,623","±256","757","±231","1.2%","±0.4","6,178","±125","14","±16","0.2%","±0.3","9,709","±127","51","±31","0.5%","±0.3","24,334","±208","540","±269","2.2%","±1.1","6,095","±172","18","±15","0.3%","±0.2","5,468","±119","47","±34","0.9%","±0.6","9,853","±116","103","±71","1.0%","±0.7","35,631","±249","368","±141","1.0%","±0.4","2,492","±67","23","±19","0.9%","±0.8","6,299","±159","54","±47","0.9%","±0.7","8,657","±133","91","±71","1.1%","±0.8","7,045","±97","39","±29","0.6%","±0.4","5,069","±73","124","±77","2.4%","±1.5","39,043","±266","567","±255","1.5%","±0.7"
"                Population 35 to 64 years","42,713","±134","2,022","±420","4.7%","±1.0","27,003","±98","1,471","±208","5.4%","±0.8","118,857","±229","2,657","±411","2.2%","±0.3","11,846","±124","523","±167","4.4%","±1.4","21,987","±123","587","±133","2.7%","±0.6","49,485","±246","1,951","±352","3.9%","±0.7","15,450","±191","520","±167","3.4%","±1.1","13,393","±117","416","±127","3.1%","±0.9","24,650","±140","1,046","±273","4.2%","±1.1","59,694","±297","2,259","±404","3.8%","±0.7","6,993","±74","476","±131","6.8%","±1.9","14,647","±146","260","±113","1.8%","±0.8","21,238","±142","989","±206","4.7%","±1.0","16,297","±110","644","±132","4.0%","±0.8","12,309","±92","549","±87","4.5%","±0.7","84,950","±306","2,654","±415","3.1%","±0.5"
"            Population 65 years and over","18,282","±253","2,618","±388","14.3%","±2.1","15,437","±214","3,379","±352","21.9%","±2.2","52,713","±389","7,303","±592","13.9%","±1.1","6,449","±77","964","±152","14.9%","±2.4","13,425","±158","2,170","±294","16.2%","±2.2","23,210","±258","3,646","±337","15.7%","±1.4","9,765","±76","1,251","±224","12.8%","±2.3","9,336","±82","1,288","±176","13.8%","±1.9","12,299","±101","1,931","±269","15.7%","±2.2","27,207","±222","4,910","±447","18.0%","±1.6","4,335","±123","1,025","±128","23.6%","±3.0","7,953","±113","964","±151","12.1%","±1.9","10,496","±149","1,890","±240","18.0%","±2.3","8,913","±63","1,659","±232","18.6%","±2.6","7,426","±119","1,549","±185","20.9%","±2.5","41,462","±313","6,560","±567","15.8%","±1.4"
"                Population 65 to 74 years","11,143","±99","1,193","±304","10.7%","±2.7","9,150","±83","1,423","±215","15.6%","±2.3","31,927","±214","2,516","±361","7.9%","±1.1","3,978","±60","409","±94","10.3%","±2.4","8,346","±80","868","±139","10.4%","±1.7","14,140","±131","1,431","±223","10.1%","±1.6","5,806","±60","486","±135","8.4%","±2.3","5,576","±55","422","±91","7.6%","±1.6","7,439","±83","707","±156","9.5%","±2.1","16,508","±99","1,868","±254","11.3%","±1.5","2,661","±98","412","±75","15.5%","±2.8","4,770","±93","350","±102","7.3%","±2.1","6,568","±139","809","±164","12.3%","±2.6","5,686","±53","684","±152","12.0%","±2.7","4,584","±68","714","±110","15.6%","±2.4","24,810","±234","2,480","±358","10.0%","±1.4"
"                Population 75 years and over","7,139","±227","1,425","±226","20.0%","±3.0","6,287","±214","1,956","±304","31.1%","±4.6","20,786","±324","4,787","±472","23.0%","±2.2","2,471","±45","555","±119","22.5%","±4.7","5,079","±124","1,302","±239","25.6%","±4.7","9,070","±213","2,215","±275","24.4%","±2.9","3,959","±75","765","±157","19.3%","±3.9","3,760","±80","866","±146","23.0%","±3.9","4,860","±82","1,224","±199","25.2%","±4.2","10,699","±198","3,042","±364","28.4%","±3.3","1,674","±65","613","±98","36.6%","±5.9","3,183","±85","614","±132","19.3%","±4.3","3,928","±108","1,081","±179","27.5%","±4.5","3,227","±47","975","±150","30.2%","±4.7","2,842","±100","835","±134","29.4%","±4.6","16,652","±229","4,080","±450","24.5%","±2.6"
"        With a vision difficulty","(X)","(X)","2,504","±363","2.3%","±0.3","(X)","(X)","2,215","±268","3.3%","±0.4","(X)","(X)","4,556","±560","1.6%","±0.2","(X)","(X)","467","±164","1.6%","±0.5","(X)","(X)","833","±178","1.5%","±0.3","(X)","(X)","2,280","±393","1.9%","±0.3","(X)","(X)","1,020","±309","2.7%","±0.8","(X)","(X)","768","±190","2.3%","±0.6","(X)","(X)","1,397","±322","2.4%","±0.6","(X)","(X)","3,421","±494","2.3%","±0.3","(X)","(X)","703","±151","4.2%","±0.9","(X)","(X)","401","±158","1.1%","±0.4","(X)","(X)","1,393","±241","2.8%","±0.5","(X)","(X)","1,018","±190","2.6%","±0.5","(X)","(X)","854","±99","2.8%","±0.3","(X)","(X)","4,190","±610","2.1%","±0.3"
"            Population under 18 years","23,353","±24","229","±106","1.0%","±0.5","12,190","±190","94","±64","0.8%","±0.5","54,771","±69","113","±91","0.2%","±0.2","5,323","±49","0","±20","0.0%","±0.5","9,220","±64","6","±7","0.1%","±0.1","23,514","±20","104","±65","0.4%","±0.3","7,030","±98","57","±58","0.8%","±0.8","5,797","±62","19","±16","0.3%","±0.3","10,579","±57","110","±79","1.0%","±0.7","27,459","±44","214","±87","0.8%","±0.3","2,875","±55","32","±31","1.1%","±1.1","6,713","±48","0","±23","0.0%","±0.4","9,607","±20","47","±49","0.5%","±0.5","7,346","±34","76","±62","1.0%","±0.8","5,985","±16","63","±30","1.1%","±0.5","38,538","±91","336","±154","0.9%","±0.4"
"                Population under 5 years","6,400","±51","0","±26","0.0%","±0.4","3,313","±38","1","±2","0.0%","±0.1","14,172","±48","0","±26","0.0%","±0.2","1,382","±42","0","±20","0.0%","±2.0","2,329","±68","0","±26","0.0%","±1.2","5,808","±71","0","±26","0.0%","±0.5","1,660","±44","0","±23","0.0%","±1.6","1,438","±38","5","±6","0.3%","±0.4","2,561","±69","26","±43","1.0%","±1.6","7,039","±96","3","±4","0.0%","±0.1","751","±50","0","±17","0.0%","±3.6","1,857","±89","0","±23","0.0%","±1.5","2,353","±100","0","±26","0.0%","±1.2","1,822","±58","3","±4","0.2%","±0.2","1,513","±32","19","±17","1.3%","±1.1","9,590","±63","113","±69","1.2%","±0.7"
"                Population 5 to 17 years","16,953","±59","229","±106","1.4%","±0.6","8,877","±195","93","±65","1.0%","±0.7","40,599","±81","113","±91","0.3%","±0.2","3,941","±60","0","±20","0.0%","±0.7","6,891","±64","6","±7","0.1%","±0.1","17,706","±76","104","±65","0.6%","±0.4","5,370","±115","57","±58","1.1%","±1.1","4,359","±63","14","±14","0.3%","±0.3","8,018","±70","84","±62","1.0%","±0.8","20,420","±114","211","±88","1.0%","±0.4","2,124","±45","32","±31","1.5%","±1.4","4,856","±77","0","±23","0.0%","±0.6","7,254","±104","47","±49","0.6%","±0.7","5,524","±71","73","±63","1.3%","±1.1","4,472","±30","44","±25","1.0%","±0.6","28,948","±110","223","±109","0.8%","±0.4"
"            Population 18 to 64 years","65,201","±149","1,268","±255","1.9%","±0.4","38,524","±176","1,188","±222","3.1%","±0.6","183,480","±335","2,314","±380","1.3%","±0.2","18,024","±69","222","±142","1.2%","±0.8","31,696","±116","413","±122","1.3%","±0.4","73,819","±175","1,256","±337","1.7%","±0.5","21,545","±204","416","±199","1.9%","±0.9","18,861","±121","367","±153","1.9%","±0.8","34,503","±100","723","±233","2.1%","±0.7","95,325","±217","1,862","±334","2.0%","±0.4","9,485","±82","343","±110","3.6%","±1.2","20,946","±90","94","±66","0.4%","±0.3","29,895","±143","662","±158","2.2%","±0.5","23,342","±57","583","±148","2.5%","±0.6","17,378","±105","393","±68","2.3%","±0.4","123,993","±310","1,703","±383","1.4%","±0.3"
"                Population 18 to 34 years","22,488","±106","208","±105","0.9%","±0.5","11,521","±186","130","±48","1.1%","±0.4","64,623","±256","568","±245","0.9%","±0.4","6,178","±125","32","±28","0.5%","±0.4","9,709","±127","54","±42","0.6%","±0.4","24,334","±208","256","±132","1.1%","±0.5","6,095","±172","206","±160","3.4%","±2.6","5,468","±119","85","±64","1.6%","±1.2","9,853","±116","162","±118","1.6%","±1.2","35,631","±249","539","±169","1.5%","±0.5","2,492","±67","140","±80","5.6%","±3.2","6,299","±159","33","±52","0.5%","±0.8","8,657","±133","63","±36","0.7%","±0.4","7,045","±97","94","±41","1.3%","±0.6","5,069","±73","49","±30","1.0%","±0.6","39,043","±266","237","±153","0.6%","±0.4"
"                Population 35 to 64 years","42,713","±134","1,060","±227","2.5%","±0.5","27,003","±98","1,058","±214","3.9%","±0.8","118,857","±229","1,746","±327","1.5%","±0.3","11,846","±124","190","±140","1.6%","±1.2","21,987","±123","359","±105","1.6%","±0.5","49,485","±246","1,000","±296","2.0%","±0.6","15,450","±191","210","±86","1.4%","±0.6","13,393","±117","282","±139","2.1%","±1.0","24,650","±140","561","±213","2.3%","±0.9","59,694","±297","1,323","±277","2.2%","±0.5","6,993","±74","203","±70","2.9%","±1.0","14,647","±146","61","±41","0.4%","±0.3","21,238","±142","599","±149","2.8%","±0.7","16,297","±110","489","±134","3.0%","±0.8","12,309","±92","344","±60","2.8%","±0.5","84,950","±306","1,466","±336","1.7%","±0.4"
"            Population 65 years and over","18,282","±253","1,007","±252","5.5%","±1.4","15,437","±214","933","±155","6.0%","±1.0","52,713","±389","2,129","±373","4.0%","±0.7","6,449","±77","245","±81","3.8%","±1.3","13,425","±158","414","±118","3.1%","±0.9","23,210","±258","920","±225","4.0%","±1.0","9,765","±76","547","±251","5.6%","±2.6","9,336","±82","382","±129","4.1%","±1.4","12,299","±101","564","±179","4.6%","±1.5","27,207","±222","1,345","±268","4.9%","±1.0","4,335","±123","328","±92","7.6%","±2.1","7,953","±113","307","±144","3.9%","±1.8","10,496","±149","684","±180","6.5%","±1.7","8,913","±63","359","±119","4.0%","±1.3","7,426","±119","398","±91","5.4%","±1.2","41,462","±313","2,151","±494","5.2%","±1.2"
"                Population 65 to 74 years","11,143","±99","378","±126","3.4%","±1.1","9,150","±83","453","±121","5.0%","±1.3","31,927","±214","692","±220","2.2%","±0.7","3,978","±60","53","±35","1.3%","±0.9","8,346","±80","174","±68","2.1%","±0.8","14,140","±131","314","±100","2.2%","±0.7","5,806","±60","238","±227","4.1%","±3.9","5,576","±55","168","±92","3.0%","±1.7","7,439","±83","145","±87","1.9%","±1.2","16,508","±99","542","±119","3.3%","±0.7","2,661","±98","171","±71","6.4%","±2.6","4,770","±93","169","±130","3.5%","±2.7","6,568","±139","268","±114","4.1%","±1.8","5,686","±53","215","±107","3.8%","±1.9","4,584","±68","177","±54","3.9%","±1.2","24,810","±234","879","±397","3.5%","±1.6"
"                Population 75 years and over","7,139","±227","629","±243","8.8%","±3.4","6,287","±214","480","±116","7.6%","±1.8","20,786","±324","1,437","±321","6.9%","±1.5","2,471","±45","192","±76","7.8%","±3.1","5,079","±124","240","±98","4.7%","±1.9","9,070","±213","606","±189","6.7%","±2.1","3,959","±75","309","±102","7.8%","±2.6","3,760","±80","214","±95","5.7%","±2.5","4,860","±82","419","±151","8.6%","±3.1","10,699","±198","803","±242","7.5%","±2.2","1,674","±65","157","±63","9.4%","±3.7","3,183","±85","138","±63","4.3%","±2.0","3,928","±108","416","±149","10.6%","±3.8","3,227","±47","144","±54","4.5%","±1.7","2,842","±100","221","±76","7.8%","±2.7","16,652","±229","1,272","±264","7.6%","±1.6"
"        With a cognitive difficulty","(X)","(X)","7,987","±902","8.0%","±0.9","(X)","(X)","5,487","±471","8.7%","±0.8","(X)","(X)","13,041","±892","4.7%","±0.3","(X)","(X)","2,065","±298","7.3%","±1.0","(X)","(X)","2,505","±357","4.8%","±0.7","(X)","(X)","9,056","±710","7.9%","±0.6","(X)","(X)","1,971","±321","5.4%","±0.9","(X)","(X)","2,301","±339","7.1%","±1.0","(X)","(X)","4,793","±532","8.7%","±1.0","(X)","(X)","12,814","±857","9.0%","±0.6","(X)","(X)","1,799","±237","11.3%","±1.5","(X)","(X)","1,564","±254","4.6%","±0.7","(X)","(X)","4,176","±518","8.8%","±1.1","(X)","(X)","2,340","±292","6.2%","±0.8","(X)","(X)","3,010","±257","10.3%","±0.9","(X)","(X)","11,887","±1,045","6.1%","±0.5"
"            Population under 18 years","16,953","±59","1,544","±327","9.1%","±1.9","8,877","±195","641","±112","7.2%","±1.2","40,599","±81","1,635","±324","4.0%","±0.8","3,941","±60","342","±114","8.7%","±2.9","6,891","±64","267","±107","3.9%","±1.6","17,706","±76","1,468","±276","8.3%","±1.6","5,370","±115","346","±125","6.4%","±2.3","4,359","±63","263","±97","6.0%","±2.2","8,018","±70","866","±222","10.8%","±2.8","20,420","±114","1,672","±277","8.2%","±1.4","2,124","±45","184","±83","8.7%","±3.9","4,856","±77","319","±125","6.6%","±2.5","7,254","±104","630","±196","8.7%","±2.7","5,524","±71","341","±93","6.2%","±1.7","4,472","±30","451","±114","10.1%","±2.6","28,948","±110","1,637","±396","5.7%","±1.4"
"            Population 18 to 64 years","65,201","±149","5,029","±687","7.7%","±1.1","38,524","±176","3,390","±393","8.8%","±1.0","183,480","±335","7,927","±741","4.3%","±0.4","18,024","±69","1,127","±231","6.3%","±1.3","31,696","±116","1,511","±256","4.8%","±0.8","73,819","±175","5,811","±603","7.9%","±0.8","21,545","±204","1,182","±257","5.5%","±1.2","18,861","±121","1,203","±260","6.4%","±1.4","34,503","±100","2,895","±451","8.4%","±1.3","95,325","±217","8,600","±694","9.0%","±0.7","9,485","±82","1,181","±185","12.5%","±1.9","20,946","±90","664","±166","3.2%","±0.8","29,895","±143","2,600","±432","8.7%","±1.4","23,342","±57","1,359","±221","5.8%","±0.9","17,378","±105","1,780","±169","10.2%","±1.0","123,993","±310","7,116","±793","5.7%","±0.6"
"                Population 18 to 34 years","22,488","±106","1,515","±300","6.7%","±1.3","11,521","±186","788","±195","6.8%","±1.7","64,623","±256","2,827","±437","4.4%","±0.7","6,178","±125","380","±144","6.2%","±2.3","9,709","±127","428","±124","4.4%","±1.3","24,334","±208","1,877","±328","7.7%","±1.3","6,095","±172","421","±157","6.9%","±2.6","5,468","±119","450","±163","8.2%","±3.0","9,853","±116","944","±256","9.6%","±2.6","35,631","±249","3,207","±460","9.0%","±1.3","2,492","±67","329","±93","13.2%","±3.7","6,299","±159","193","±78","3.1%","±1.3","8,657","±133","623","±183","7.2%","±2.1","7,045","±97","435","±127","6.2%","±1.8","5,069","±73","641","±131","12.6%","±2.6","39,043","±266","2,807","±519","7.2%","±1.3"
"                Population 35 to 64 years","42,713","±134","3,514","±528","8.2%","±1.2","27,003","±98","2,602","±337","9.6%","±1.2","118,857","±229","5,100","±544","4.3%","±0.5","11,846","±124","747","±174","6.3%","±1.5","21,987","±123","1,083","±206","4.9%","±0.9","49,485","±246","3,934","±513","7.9%","±1.0","15,450","±191","761","±195","4.9%","±1.3","13,393","±117","753","±175","5.6%","±1.3","24,650","±140","1,951","±364","7.9%","±1.5","59,694","±297","5,393","±541","9.0%","±0.9","6,993","±74","852","±175","12.2%","±2.5","14,647","±146","471","±148","3.2%","±1.0","21,238","±142","1,977","±359","9.3%","±1.7","16,297","±110","924","±172","5.7%","±1.1","12,309","±92","1,139","±143","9.3%","±1.2","84,950","±306","4,309","±571","5.1%","±0.7"
"            Population 65 years and over","18,282","±253","1,414","±305","7.7%","±1.7","15,437","±214","1,456","±241","9.4%","±1.6","52,713","±389","3,479","±447","6.6%","±0.9","6,449","±77","596","±161","9.2%","±2.5","13,425","±158","727","±180","5.4%","±1.3","23,210","±258","1,777","±321","7.7%","±1.4","9,765","±76","443","±102","4.5%","±1.0","9,336","±82","835","±190","8.9%","±2.0","12,299","±101","1,032","±248","8.4%","±2.0","27,207","±222","2,542","±355","9.3%","±1.3","4,335","±123","434","±100","10.0%","±2.2","7,953","±113","581","±156","7.3%","±1.9","10,496","±149","946","±202","9.0%","±1.9","8,913","±63","640","±191","7.2%","±2.1","7,426","±119","779","±157","10.5%","±2.1","41,462","±313","3,134","±459","7.6%","±1.1"
"                Population 65 to 74 years","11,143","±99","501","±144","4.5%","±1.3","9,150","±83","606","±134","6.6%","±1.5","31,927","±214","1,079","±208","3.4%","±0.7","3,978","±60","214","±94","5.4%","±2.4","8,346","±80","272","±134","3.3%","±1.6","14,140","±131","818","±257","5.8%","±1.8","5,806","±60","95","±52","1.6%","±0.9","5,576","±55","350","±123","6.3%","±2.2","7,439","±83","318","±120","4.3%","±1.6","16,508","±99","1,231","±274","7.5%","±1.7","2,661","±98","153","±77","5.7%","±2.8","4,770","±93","175","±78","3.7%","±1.6","6,568","±139","512","±141","7.8%","±2.1","5,686","±53","357","±123","6.3%","±2.2","4,584","±68","288","±58","6.3%","±1.3","24,810","±234","1,223","±310","4.9%","±1.2"
"                Population 75 years and over","7,139","±227","913","±252","12.8%","±3.6","6,287","±214","850","±198","13.5%","±3.2","20,786","±324","2,400","±379","11.5%","±1.9","2,471","±45","382","±125","15.5%","±5.0","5,079","±124","455","±133","9.0%","±2.6","9,070","±213","959","±201","10.6%","±2.2","3,959","±75","348","±95","8.8%","±2.4","3,760","±80","485","±121","12.9%","±3.2","4,860","±82","714","±214","14.7%","±4.4","10,699","±198","1,311","±202","12.3%","±1.8","1,674","±65","281","±88","16.8%","±4.9","3,183","±85","406","±150","12.8%","±4.7","3,928","±108","434","±144","11.0%","±3.7","3,227","±47","283","±104","8.8%","±3.2","2,842","±100","491","±146","17.3%","±5.1","16,652","±229","1,911","±325","11.5%","±1.9"
"        With an ambulatory difficulty","(X)","(X)","8,591","±753","8.6%","±0.7","(X)","(X)","7,202","±549","11.5%","±0.9","(X)","(X)","13,723","±804","5.0%","±0.3","(X)","(X)","2,217","±291","7.8%","±1.0","(X)","(X)","3,752","±393","7.2%","±0.8","(X)","(X)","8,386","±643","7.3%","±0.6","(X)","(X)","2,516","±308","6.9%","±0.8","(X)","(X)","2,539","±322","7.8%","±1.0","(X)","(X)","4,881","±504","8.9%","±0.9","(X)","(X)","12,117","±754","8.5%","±0.5","(X)","(X)","2,007","±229","12.6%","±1.4","(X)","(X)","2,059","±276","6.1%","±0.8","(X)","(X)","4,807","±439","10.1%","±0.9","(X)","(X)","3,015","±315","8.0%","±0.8","(X)","(X)","3,409","±264","11.6%","±0.9","(X)","(X)","12,791","±909","6.6%","±0.5"
"            Population under 18 years","16,953","±59","273","±147","1.6%","±0.9","8,877","±195","72","±64","0.8%","±0.7","40,599","±81","91","±78","0.2%","±0.2","3,941","±60","55","±44","1.4%","±1.1","6,891","±64","28","±33","0.4%","±0.5","17,706","±76","121","±82","0.7%","±0.5","5,370","±115","21","±33","0.4%","±0.6","4,359","±63","6","±8","0.1%","±0.2","8,018","±70","52","±32","0.6%","±0.4","20,420","±114","114","±66","0.6%","±0.3","2,124","±45","66","±45","3.1%","±2.2","4,856","±77","0","±23","0.0%","±0.6","7,254","±104","76","±81","1.0%","±1.1","5,524","±71","86","±66","1.6%","±1.2","4,472","±30","33","±18","0.7%","±0.4","28,948","±110","32","±33","0.1%","±0.1"
"            Population 18 to 64 years","65,201","±149","4,314","±563","6.6%","±0.9","38,524","±176","3,631","±452","9.4%","±1.2","183,480","±335","5,285","±519","2.9%","±0.3","18,024","±69","1,024","±204","5.7%","±1.1","31,696","±116","1,430","±248","4.5%","±0.8","73,819","±175","3,870","±542","5.2%","±0.7","21,545","±204","1,201","±263","5.6%","±1.2","18,861","±121","1,018","±209","5.4%","±1.1","34,503","±100","2,498","±425","7.2%","±1.2","95,325","±217","6,223","±601","6.5%","±0.6","9,485","±82","996","±179","10.5%","±1.9","20,946","±90","540","±131","2.6%","±0.6","29,895","±143","2,637","±377","8.8%","±1.3","23,342","±57","1,428","±212","6.1%","±0.9","17,378","±105","1,601","±197","9.2%","±1.1","123,993","±310","5,316","±568","4.3%","±0.5"
"                Population 18 to 34 years","22,488","±106","341","±142","1.5%","±0.6","11,521","±186","323","±102","2.8%","±0.9","64,623","±256","849","±213","1.3%","±0.3","6,178","±125","71","±67","1.1%","±1.1","9,709","±127","108","±54","1.1%","±0.6","24,334","±208","295","±143","1.2%","±0.6","6,095","±172","206","±164","3.4%","±2.7","5,468","±119","40","±22","0.7%","±0.4","9,853","±116","179","±164","1.8%","±1.7","35,631","±249","808","±200","2.3%","±0.6","2,492","±67","40","±44","1.6%","±1.8","6,299","±159","58","±40","0.9%","±0.6","8,657","±133","59","±41","0.7%","±0.5","7,045","±97","135","±58","1.9%","±0.8","5,069","±73","103","±43","2.0%","±0.8","39,043","±266","516","±200","1.3%","±0.5"
"                Population 35 to 64 years","42,713","±134","3,973","±541","9.3%","±1.3","27,003","±98","3,308","±440","12.3%","±1.6","118,857","±229","4,436","±478","3.7%","±0.4","11,846","±124","953","±185","8.0%","±1.6","21,987","±123","1,322","±235","6.0%","±1.1","49,485","±246","3,575","±511","7.2%","±1.0","15,450","±191","995","±201","6.4%","±1.3","13,393","±117","978","±210","7.3%","±1.6","24,650","±140","2,319","±363","9.4%","±1.5","59,694","±297","5,415","±540","9.1%","±0.9","6,993","±74","956","±177","13.7%","±2.5","14,647","±146","482","±129","3.3%","±0.9","21,238","±142","2,578","±368","12.1%","±1.7","16,297","±110","1,293","±193","7.9%","±1.2","12,309","±92","1,498","±197","12.2%","±1.6","84,950","±306","4,800","±511","5.7%","±0.6"
"            Population 65 years and over","18,282","±253","4,004","±471","21.9%","±2.5","15,437","±214","3,499","±278","22.7%","±1.7","52,713","±389","8,347","±615","15.8%","±1.2","6,449","±77","1,138","±172","17.6%","±2.6","13,425","±158","2,294","±286","17.1%","±2.1","23,210","±258","4,395","±476","18.9%","±2.0","9,765","±76","1,294","±228","13.3%","±2.3","9,336","±82","1,515","±221","16.2%","±2.4","12,299","±101","2,331","±304","19.0%","±2.5","27,207","±222","5,780","±453","21.2%","±1.6","4,335","±123","945","±140","21.8%","±3.1","7,953","±113","1,519","±271","19.1%","±3.4","10,496","±149","2,094","±276","20.0%","±2.6","8,913","±63","1,501","±207","16.8%","±2.3","7,426","±119","1,775","±162","23.9%","±2.2","41,462","±313","7,443","±755","18.0%","±1.8"
"                Population 65 to 74 years","11,143","±99","1,539","±262","13.8%","±2.3","9,150","±83","1,511","±190","16.5%","±2.1","31,927","±214","3,005","±413","9.4%","±1.3","3,978","±60","440","±110","11.1%","±2.7","8,346","±80","997","±194","11.9%","±2.3","14,140","±131","1,730","±316","12.2%","±2.2","5,806","±60","380","±108","6.5%","±1.9","5,576","±55","651","±175","11.7%","±3.1","7,439","±83","728","±159","9.8%","±2.1","16,508","±99","2,738","±321","16.6%","±1.9","2,661","±98","362","±95","13.6%","±3.4","4,770","±93","433","±152","9.1%","±3.2","6,568","±139","998","±190","15.2%","±2.9","5,686","±53","706","±125","12.4%","±2.2","4,584","±68","832","±110","18.2%","±2.4","24,810","±234","3,272","±585","13.2%","±2.4"
"                Population 75 years and over","7,139","±227","2,465","±391","34.5%","±5.3","6,287","±214","1,988","±227","31.6%","±3.4","20,786","±324","5,342","±478","25.7%","±2.3","2,471","±45","698","±121","28.2%","±4.9","5,079","±124","1,297","±192","25.5%","±3.7","9,070","±213","2,665","±335","29.4%","±3.6","3,959","±75","914","±187","23.1%","±4.7","3,760","±80","864","±160","23.0%","±4.3","4,860","±82","1,603","±273","33.0%","±5.6","10,699","±198","3,042","±317","28.4%","±2.9","1,674","±65","583","±97","34.8%","±5.6","3,183","±85","1,086","±231","34.1%","±7.1","3,928","±108","1,096","±201","27.9%","±5.1","3,227","±47","795","±161","24.6%","±4.9","2,842","±100","943","±142","33.2%","±4.9","16,652","±229","4,171","±477","25.0%","±2.8"
"        With a self-care difficulty","(X)","(X)","2,530","±374","2.5%","±0.4","(X)","(X)","2,792","±384","4.4%","±0.6","(X)","(X)","5,045","±570","1.8%","±0.2","(X)","(X)","622","±160","2.2%","±0.6","(X)","(X)","1,036","±211","2.0%","±0.4","(X)","(X)","3,155","±399","2.7%","±0.3","(X)","(X)","675","±135","1.8%","±0.4","(X)","(X)","822","±203","2.5%","±0.6","(X)","(X)","2,102","±300","3.8%","±0.5","(X)","(X)","4,622","±514","3.2%","±0.4","(X)","(X)","704","±137","4.4%","±0.9","(X)","(X)","720","±225","2.1%","±0.7","(X)","(X)","1,611","±312","3.4%","±0.7","(X)","(X)","997","±200","2.6%","±0.5","(X)","(X)","1,216","±178","4.2%","±0.6","(X)","(X)","4,583","±550","2.4%","±0.3"
"            Population under 18 years","16,953","±59","423","±198","2.5%","±1.2","8,877","±195","143","±70","1.6%","±0.8","40,599","±81","368","±140","0.9%","±0.3","3,941","±60","118","±60","3.0%","±1.5","6,891","±64","67","±43","1.0%","±0.6","17,706","±76","254","±85","1.4%","±0.5","5,370","±115","44","±36","0.8%","±0.7","4,359","±63","27","±31","0.6%","±0.7","8,018","±70","224","±99","2.8%","±1.2","20,420","±114","366","±146","1.8%","±0.7","2,124","±45","46","±43","2.2%","±2.0","4,856","±77","29","±41","0.6%","±0.8","7,254","±104","70","±59","1.0%","±0.8","5,524","±71","106","±65","1.9%","±1.2","4,472","±30","69","±27","1.5%","±0.6","28,948","±110","273","±141","0.9%","±0.5"
"            Population 18 to 64 years","65,201","±149","1,186","±252","1.8%","±0.4","38,524","±176","1,363","±256","3.5%","±0.7","183,480","±335","1,877","±329","1.0%","±0.2","18,024","±69","224","±95","1.2%","±0.5","31,696","±116","416","±127","1.3%","±0.4","73,819","±175","1,500","±280","2.0%","±0.4","21,545","±204","314","±88","1.5%","±0.4","18,861","±121","312","±110","1.7%","±0.6","34,503","±100","893","±201","2.6%","±0.6","95,325","±217","2,427","±357","2.5%","±0.4","9,485","±82","423","±108","4.5%","±1.1","20,946","±90","196","±79","0.9%","±0.4","29,895","±143","851","±215","2.8%","±0.7","23,342","±57","408","±110","1.7%","±0.5","17,378","±105","523","±110","3.0%","±0.6","123,993","±310","2,117","±349","1.7%","±0.3"
"                Population 18 to 34 years","22,488","±106","79","±59","0.4%","±0.3","11,521","±186","178","±78","1.5%","±0.7","64,623","±256","525","±157","0.8%","±0.2","6,178","±125","70","±66","1.1%","±1.1","9,709","±127","48","±29","0.5%","±0.3","24,334","±208","198","±87","0.8%","±0.4","6,095","±172","86","±43","1.4%","±0.7","5,468","±119","37","±24","0.7%","±0.4","9,853","±116","39","±44","0.4%","±0.4","35,631","±249","564","±176","1.6%","±0.5","2,492","±67","54","±45","2.2%","±1.8","6,299","±159","26","±31","0.4%","±0.5","8,657","±133","57","±48","0.7%","±0.6","7,045","±97","53","±34","0.8%","±0.5","5,069","±73","45","±23","0.9%","±0.4","39,043","±266","302","±157","0.8%","±0.4"
"                Population 35 to 64 years","42,713","±134","1,107","±239","2.6%","±0.6","27,003","±98","1,185","±230","4.4%","±0.9","118,857","±229","1,352","±287","1.1%","±0.2","11,846","±124","154","±68","1.3%","±0.6","21,987","±123","368","±126","1.7%","±0.6","49,485","±246","1,302","±276","2.6%","±0.6","15,450","±191","228","±75","1.5%","±0.5","13,393","±117","275","±107","2.1%","±0.8","24,650","±140","854","±194","3.5%","±0.8","59,694","±297","1,863","±295","3.1%","±0.5","6,993","±74","369","±101","5.3%","±1.4","14,647","±146","170","±71","1.2%","±0.5","21,238","±142","794","±207","3.7%","±1.0","16,297","±110","355","±96","2.2%","±0.6","12,309","±92","478","±109","3.9%","±0.9","84,950","±306","1,815","±328","2.1%","±0.4"
"            Population 65 years and over","18,282","±253","921","±185","5.0%","±1.0","15,437","±214","1,286","±219","8.3%","±1.4","52,713","±389","2,800","±390","5.3%","±0.7","6,449","±77","280","±114","4.3%","±1.8","13,425","±158","553","±158","4.1%","±1.2","23,210","±258","1,401","±254","6.0%","±1.1","9,765","±76","317","±84","3.2%","±0.9","9,336","±82","483","±153","5.2%","±1.6","12,299","±101","985","±227","8.0%","±1.8","27,207","±222","1,829","±271","6.7%","±1.0","4,335","±123","235","±81","5.4%","±1.9","7,953","±113","495","±191","6.2%","±2.4","10,496","±149","690","±169","6.6%","±1.6","8,913","±63","483","±143","5.4%","±1.6","7,426","±119","624","±154","8.4%","±2.1","41,462","±313","2,193","±375","5.3%","±0.9"
"                Population 65 to 74 years","11,143","±99","358","±113","3.2%","±1.0","9,150","±83","432","±131","4.7%","±1.4","31,927","±214","712","±148","2.2%","±0.5","3,978","±60","136","±83","3.4%","±2.1","8,346","±80","133","±64","1.6%","±0.8","14,140","±131","430","±160","3.0%","±1.1","5,806","±60","66","±37","1.1%","±0.6","5,576","±55","131","±87","2.3%","±1.6","7,439","±83","221","±94","3.0%","±1.3","16,508","±99","734","±199","4.4%","±1.2","2,661","±98","63","±37","2.4%","±1.4","4,770","±93","201","±132","4.2%","±2.8","6,568","±139","317","±113","4.8%","±1.7","5,686","±53","216","±116","3.8%","±2.0","4,584","±68","225","±52","4.9%","±1.1","24,810","±234","635","±190","2.6%","±0.8"
"                Population 75 years and over","7,139","±227","563","±148","7.9%","±2.1","6,287","±214","854","±179","13.6%","±2.8","20,786","±324","2,088","±383","10.0%","±1.8","2,471","±45","144","±70","5.8%","±2.8","5,079","±124","420","±140","8.3%","±2.7","9,070","±213","971","±187","10.7%","±2.0","3,959","±75","251","±78","6.3%","±1.9","3,760","±80","352","±130","9.4%","±3.4","4,860","±82","764","±217","15.7%","±4.5","10,699","±198","1,095","±190","10.2%","±1.7","1,674","±65","172","±68","10.3%","±4.1","3,183","±85","294","±133","9.2%","±4.2","3,928","±108","373","±146","9.5%","±3.7","3,227","±47","267","±84","8.3%","±2.6","2,842","±100","399","±146","14.0%","±5.2","16,652","±229","1,558","±306","9.4%","±1.8"
"        With an independent living difficulty","(X)","(X)","5,996","±654","7.2%","±0.8","(X)","(X)","4,876","±477","9.0%","±0.9","(X)","(X)","11,076","±837","4.7%","±0.4","(X)","(X)","1,433","±217","5.9%","±0.9","(X)","(X)","2,353","±366","5.2%","±0.8","(X)","(X)","6,269","±540","6.5%","±0.6","(X)","(X)","1,862","±324","5.9%","±1.0","(X)","(X)","1,635","±276","5.8%","±1.0","(X)","(X)","3,926","±459","8.4%","±1.0","(X)","(X)","8,998","±666","7.3%","±0.5","(X)","(X)","1,441","±189","10.4%","±1.4","(X)","(X)","1,713","±289","5.9%","±1.0","(X)","(X)","3,313","±399","8.2%","±1.0","(X)","(X)","2,054","±302","6.4%","±0.9","(X)","(X)","2,247","±224","9.1%","±0.9","(X)","(X)","9,890","±771","6.0%","±0.5"
"            Population 18 to 64 years","65,201","±149","3,678","±510","5.6%","±0.8","38,524","±176","2,899","±412","7.5%","±1.1","183,480","±335","6,038","±625","3.3%","±0.3","18,024","±69","810","±145","4.5%","±0.8","31,696","±116","1,088","±212","3.4%","±0.7","73,819","±175","3,682","±445","5.0%","±0.6","21,545","±204","1,037","±241","4.8%","±1.1","18,861","±121","688","±167","3.6%","±0.9","34,503","±100","2,438","±409","7.1%","±1.2","95,325","±217","5,567","±571","5.8%","±0.6","9,485","±82","929","±150","9.8%","±1.6","20,946","±90","525","±143","2.5%","±0.7","29,895","±143","2,203","±344","7.4%","±1.2","23,342","±57","1,171","±226","5.0%","±1.0","17,378","±105","1,350","±173","7.8%","±1.0","123,993","±310","5,290","±614","4.3%","±0.5"
"                Population 18 to 34 years","22,488","±106","931","±272","4.1%","±1.2","11,521","±186","678","±171","5.9%","±1.5","64,623","±256","2,126","±383","3.3%","±0.6","6,178","±125","171","±89","2.8%","±1.4","9,709","±127","255","±78","2.6%","±0.8","24,334","±208","968","±233","4.0%","±1.0","6,095","±172","278","±159","4.6%","±2.6","5,468","±119","194","±92","3.5%","±1.7","9,853","±116","681","±196","6.9%","±2.0","35,631","±249","2,030","±296","5.7%","±0.8","2,492","±67","269","±85","10.8%","±3.4","6,299","±159","142","±72","2.3%","±1.1","8,657","±133","351","±112","4.1%","±1.3","7,045","±97","413","±121","5.9%","±1.7","5,069","±73","305","±65","6.0%","±1.3","39,043","±266","1,798","±355","4.6%","±0.9"
"                Population 35 to 64 years","42,713","±134","2,747","±397","6.4%","±0.9","27,003","±98","2,221","±346","8.2%","±1.3","118,857","±229","3,912","±453","3.3%","±0.4","11,846","±124","639","±134","5.4%","±1.1","21,987","±123","833","±180","3.8%","±0.8","49,485","±246","2,714","±371","5.5%","±0.7","15,450","±191","759","±191","4.9%","±1.2","13,393","±117","494","±122","3.7%","±0.9","24,650","±140","1,757","±370","7.1%","±1.5","59,694","±297","3,537","±458","5.9%","±0.8","6,993","±74","660","±143","9.4%","±2.0","14,647","±146","383","±133","2.6%","±0.9","21,238","±142","1,852","±322","8.7%","±1.5","16,297","±110","758","±164","4.7%","±1.0","12,309","±92","1,045","±154","8.5%","±1.2","84,950","±306","3,492","±461","4.1%","±0.5"
"            Population 65 years and over","18,282","±253","2,318","±314","12.7%","±1.7","15,437","±214","1,977","±242","12.8%","±1.5","52,713","±389","5,038","±496","9.6%","±0.9","6,449","±77","623","±181","9.7%","±2.8","13,425","±158","1,265","±268","9.4%","±2.0","23,210","±258","2,587","±370","11.1%","±1.6","9,765","±76","825","±208","8.4%","±2.1","9,336","±82","947","±208","10.1%","±2.2","12,299","±101","1,488","±236","12.1%","±1.9","27,207","±222","3,431","±335","12.6%","±1.2","4,335","±123","512","±109","11.8%","±2.5","7,953","±113","1,188","±264","14.9%","±3.3","10,496","±149","1,110","±210","10.6%","±2.0","8,913","±63","883","±230","9.9%","±2.6","7,426","±119","897","±139","12.1%","±1.9","41,462","±313","4,600","±555","11.1%","±1.3"
"                Population 65 to 74 years","11,143","±99","719","±199","6.5%","±1.8","9,150","±83","705","±175","7.7%","±1.9","31,927","±214","1,238","±220","3.9%","±0.7","3,978","±60","145","±73","3.6%","±1.8","8,346","±80","348","±121","4.2%","±1.4","14,140","±131","674","±184","4.8%","±1.3","5,806","±60","129","±59","2.2%","±1.0","5,576","±55","379","±127","6.8%","±2.3","7,439","±83","383","±140","5.1%","±1.9","16,508","±99","1,236","±235","7.5%","±1.4","2,661","±98","125","±61","4.7%","±2.2","4,770","±93","248","±140","5.2%","±2.9","6,568","±139","375","±138","5.7%","±2.1","5,686","±53","317","±132","5.6%","±2.3","4,584","±68","314","±59","6.8%","±1.3","24,810","±234","1,275","±267","5.1%","±1.1"
"                Population 75 years and over","7,139","±227","1,599","±268","22.4%","±3.8","6,287","±214","1,272","±192","20.2%","±3.0","20,786","±324","3,800","±472","18.3%","±2.3","2,471","±45","478","±161","19.3%","±6.5","5,079","±124","917","±235","18.1%","±4.6","9,070","±213","1,913","±301","21.1%","±3.3","3,959","±75","696","±206","17.6%","±5.1","3,760","±80","568","±134","15.1%","±3.5","4,860","±82","1,105","±218","22.7%","±4.4","10,699","±198","2,195","±230","20.5%","±2.1","1,674","±65","387","±85","23.1%","±5.2","3,183","±85","940","±219","29.5%","±6.7","3,928","±108","735","±209","18.7%","±5.3","3,227","±47","566","±163","17.5%","±5.1","2,842","±100","583","±126","20.5%","±4.4","16,652","±229","3,325","±457","20.0%","±2.7"