"Label (Grouping)","Androscoggin County, Maine!!Total!!Estimate","Androscoggin County, Maine!!Total!!Margin of Error","Androscoggin County, Maine!!Below poverty level!!Estimate","Androscoggin County, Maine!!Below poverty level!!Margin of Error","Androscoggin County, Maine!!Percent below poverty level!!Estimate","Androscoggin County, Maine!!Percent below poverty level!!Margin of Error","Aroostook County, Maine!!Total!!Estimate","Aroostook County, Maine!!Total!!Margin of Error","Aroostook County, Maine!!Below poverty level!!Estimate","Aroostook County, Maine!!Below poverty level!!Margin of Error","Aroostook County, Maine!!Percent below poverty level!!Estimate","Aroostook County, Maine!!Percent below poverty level!!Margin of Error","Cumberland County, Maine!!Total!!Estimate","Cumberland County, Maine!!Total!!Margin of Error","Cumberland County, Maine!!Below poverty level!!Estimate","Cumberland County, Maine!!Below poverty level!!Margin of Error","Cumberland County, Maine!!Percent below poverty level!!Estimate","Cumberland County, Maine!!Percent below poverty level!!Margin of Error","Franklin County, Maine!!Total!!Estimate","Franklin County, Maine!!Total!!Margin of Error","Franklin County, Maine!!Below poverty level!!Estimate","Franklin County, Maine!!Below poverty level!!Margin of Error","Franklin County, Maine!!Percent below poverty level!!Estimate","Franklin County, Maine!!Percent below poverty level!!Margin of Error","Hancock County, Maine!!Total!!Estimate","Hancock County, Maine!!Total!!Margin of Error","Hancock County, Maine!!Below poverty level!!Estimate","Hancock County, Maine!!Below poverty level!!Margin of Error","Hancock County, Maine!!Percent below poverty level!!Estimate","Hancock County, Maine!!Percent below poverty level!!Margin of Error","Kennebec County, Maine!!Total!!Estimate","Kennebec County, Maine!!Total!!Margin of Error","Kennebec County, Maine!!Below poverty level!!Estimate","Kennebec County, Maine!!Below poverty level!!Margin of Error","Kennebec County, Maine!!Percent below poverty level!!Estimate","Kennebec County, Maine!!Percent below poverty level!!Margin of Error","Knox County, Maine!!Total!!Estimate","Knox County, Maine!!Total!!Margin of Error","Knox County, Maine!!Below poverty level!!Estimate","Knox County, Maine!!Below poverty level!!Margin of Error","Knox County, Maine!!Percent below poverty level!!Estimate","Knox County, Maine!!Percent below poverty level!!Margin of Error","Lincoln County, Maine!!Total!!Estimate","Lincoln County, Maine!!Total!!Margin of Error","Lincoln County, Maine!!Below poverty level!!Estimate","Lincoln County, Maine!!Below poverty level!!Margin of Error","Lincoln County, Maine!!Percent below poverty level!!Estimate","Lincoln County, Maine!!Percent below poverty level!!Margin of Error","Oxford County, Maine!!Total!!Estimate","Oxford County, Maine!!Total!!Margin of Error","Oxford County, Maine!!Below poverty level!!Estimate","Oxford County, Maine!!Below poverty level!!Margin of Error","Oxford County, Maine!!Percent below poverty level!!Estimate","Oxford County, Maine!!Percent below poverty level!!Margin of Error","Penobscot County, Maine!!Total!!Estimate","Penobscot County, Maine!!Total!!Margin of Error","Penobscot County, Maine!!Below poverty level!!Estimate","Penobscot County, Maine!!Below poverty level!!Margin of Error","Penobscot County, Maine!!Percent below poverty level!!Estimate","Penobscot County, Maine!!Percent below poverty level!!Margin of Error","Piscataquis County, Maine!!Total!!Estimate","Piscataquis County, Maine!!Total!!Margin of Error","Piscataquis County, Maine!!Below poverty level!!Estimate","Piscataquis County, Maine!!Below poverty level!!Margin of Error","Piscataquis County, Maine!!Percent below poverty level!!Estimate","Piscataquis County, Maine!!Percent below poverty level!!Margin of Error","Sagadahoc County, Maine!!Total!!Estimate","Sagadahoc County, Maine!!Total!!Margin of Error","Sagadahoc County, Maine!!Below poverty level!!Estimate","Sagadahoc County, Maine!!Below poverty level!!Margin of Error","Sagadahoc County, Maine!!Percent below poverty level!!Estimate","Sagadahoc County, Maine!!Percent below poverty level!!Margin of Error","Somerset County, Maine!!Total!!Estimate","Somerset County, Maine!!Total!!Margin of Error","Somerset County, Maine!!Below poverty level!!Estimate","Somerset County, Maine!!Below poverty level!!Margin of Error","Somerset County, Maine!!Percent below poverty level!!Estimate","Somerset County, Maine!!Percent below poverty level!!Margin of Error","Waldo County, Maine!!Total!!Estimate","Waldo County, Maine!!Total!!Margin of Error","Waldo County, Maine!!Below poverty level!!Estimate","Waldo County, Maine!!Below poverty level!!Margin of Error","Waldo County, Maine!!Percent below poverty level!!Estimate","Waldo County, Maine!!Percent below poverty level!!Margin of Error","Washington County, Maine!!Total!!Estimate","Washington County, Maine!!Total!!Margin of Error","Washington County, Maine!!Below poverty level!!Estimate","Washington County, Maine!!Below poverty level!!Margin of Error","Washington County, Maine!!Percent below poverty level!!Estimate","Washington County, Maine!!Percent below poverty level!!Margin of Error","York County, Maine!!Total!!Estimate","York County, Maine!!Total!!Margin of Error","York County, Maine!!Below poverty level!!Estimate","York County, Maine!!Below poverty level!!Margin of Error","York County, Maine!!Percent below poverty level!!Estimate","York County, Maine!!Percent below poverty level!!Margin of Error"
"Population for whom poverty status is determined","104,450","±478","11,843","±1,269","11.3%","±1.2","65,245","±326","9,320","±815","14.3%","±1.2","286,132","±721","23,726","±1,983","8.3%","±0.7","28,721","±283","3,588","±582","12.5%","±2.0","53,416","±213","5,369","±535","10.1%","±1.0","118,525","±398","14,704","±1,363","12.4%","±1.1","38,114","±223","3,514","±570","9.2%","±1.5","33,821","±150","3,592","±583","10.6%","±1.7","56,774","±171","7,625","±855","13.4%","±1.5","145,179","±662","19,405","±1,312","13.4%","±0.9","16,481","±154","2,848","±357","17.3%","±2.2","35,430","±142","3,729","±602","10.5%","±1.7","49,751","±192","9,710","±922","19.5%","±1.8","38,944","±160","4,872","±548","12.5%","±1.4","30,357","±196","5,480","±437","18.1%","±1.4","202,698","±458","15,059","±1,505","7.4%","±0.7"
"    AGE","","","","","","","","","","","","","","","","","","","","","","","","","","","","","","","","","","","","","","","","","","","","","","","","","","","","","","","","","","","","","","","","","","","","","","","","","","","","","","","","","","","","","","","","","","","","","","","",""
"        Under 18 years","22,598","±276","3,346","±747","14.8%","±3.3","11,762","±279","2,082","±327","17.7%","±2.7","53,486","±386","4,799","±875","9.0%","±1.6","5,196","±94","944","±267","18.2%","±5.1","9,106","±90","1,129","±224","12.4%","±2.5","23,049","±229","3,648","±621","15.8%","±2.7","6,862","±157","985","±285","14.4%","±4.1","5,647","±104","1,056","±316","18.7%","±5.6","10,116","±177","2,108","±426","20.8%","±4.3","26,621","±277","4,256","±560","16.0%","±2.1","2,760","±117","597","±165","21.6%","±6.0","6,501","±125","795","±239","12.2%","±3.7","9,373","±118","2,658","±458","28.4%","±4.9","7,110","±96","1,094","±203","15.4%","±2.8","5,761","±79","1,359","±170","23.6%","±2.9","37,556","±331","3,211","±745","8.5%","±2.0"
"            Under 5 years","6,232","±96","964","±241","15.5%","±3.8","3,194","±74","633","±131","19.8%","±4.1","13,900","±142","1,088","±322","7.8%","±2.3","1,360","±44","337","±112","24.8%","±8.1","2,284","±69","266","±84","11.6%","±3.6","5,570","±174","1,001","±232","18.0%","±4.1","1,605","±78","334","±128","20.8%","±7.7","1,370","±55","315","±129","23.0%","±9.6","2,496","±72","603","±178","24.2%","±7.2","6,780","±144","1,199","±226","17.7%","±3.4","740","±51","172","±69","23.2%","±9.2","1,766","±131","272","±143","15.4%","±7.9","2,260","±126","732","±211","32.4%","±9.4","1,785","±66","423","±154","23.7%","±8.6","1,486","±37","432","±81","29.1%","±5.5","9,302","±158","816","±272","8.8%","±2.9"
"            5 to 17 years","16,366","±269","2,382","±616","14.6%","±3.8","8,568","±275","1,449","±280","16.9%","±3.2","39,586","±343","3,711","±724","9.4%","±1.8","3,836","±102","607","±190","15.8%","±4.9","6,822","±76","863","±182","12.7%","±2.7","17,479","±122","2,647","±512","15.1%","±2.9","5,257","±156","651","±212","12.4%","±4.0","4,277","±75","741","±245","17.3%","±5.7","7,620","±171","1,505","±323","19.8%","±4.3","19,841","±237","3,057","±446","15.4%","±2.2","2,020","±100","425","±122","21.0%","±6.0","4,735","±113","523","±171","11.0%","±3.6","7,113","±127","1,926","±320","27.1%","±4.5","5,325","±103","671","±154","12.6%","±2.8","4,275","±82","927","±149","21.7%","±3.4","28,254","±285","2,395","±626","8.5%","±2.2"
"            Related children of householder under 18 years","22,455","±289","3,203","±733","14.3%","±3.3","11,708","±282","2,030","±322","17.3%","±2.7","53,271","±399","4,584","±874","8.6%","±1.6","5,153","±98","901","±262","17.5%","±5.0","8,996","±127","1,019","±198","11.3%","±2.2","22,933","±239","3,532","±607","15.4%","±2.6","6,775","±175","901","±284","13.3%","±4.1","5,615","±105","1,026","±319","18.3%","±5.7","9,969","±227","1,961","±426","19.7%","±4.3","26,446","±298","4,091","±557","15.5%","±2.1","2,679","±128","533","±158","19.9%","±5.9","6,452","±135","746","±241","11.6%","±3.7","9,148","±164","2,433","±452","26.6%","±4.9","7,023","±106","1,014","±202","14.4%","±2.9","5,744","±81","1,342","±167","23.4%","±2.9","37,397","±334","3,066","±738","8.2%","±2.0"
"        18 to 64 years","63,570","±287","7,143","±723","11.2%","±1.1","38,046","±228","5,199","±534","13.7%","±1.4","179,933","±490","15,091","±1,342","8.4%","±0.7","17,076","±288","2,059","±326","12.1%","±1.9","30,885","±160","3,066","±343","9.9%","±1.1","72,266","±258","9,216","±989","12.8%","±1.4","21,487","±202","1,784","±315","8.3%","±1.5","18,838","±119","1,942","±301","10.3%","±1.6","34,359","±114","4,502","±510","13.1%","±1.5","91,351","±512","12,983","±921","14.2%","±1.0","9,386","±92","1,841","±254","19.6%","±2.7","20,976","±87","1,886","±383","9.0%","±1.8","29,882","±142","5,523","±563","18.5%","±1.9","22,921","±151","3,158","±389","13.8%","±1.7","17,170","±145","3,148","±268","18.3%","±1.6","123,680","±346","8,887","±872","7.2%","±0.7"
"            18 to 34 years","20,856","±255","3,356","±548","16.1%","±2.6","11,035","±228","1,711","±237","15.5%","±2.1","60,943","±420","6,690","±765","11.0%","±1.2","5,230","±238","919","±202","17.6%","±3.9","8,858","±184","1,100","±185","12.4%","±2.1","22,774","±277","3,816","±583","16.8%","±2.5","6,033","±173","591","±161","9.8%","±2.7","5,445","±119","773","±157","14.2%","±2.9","9,700","±121","1,654","±286","17.1%","±2.9","31,560","±502","6,500","±607","20.6%","±1.9","2,393","±57","665","±142","27.8%","±5.9","6,319","±153","830","±273","13.1%","±4.2","8,639","±130","2,322","±394","26.9%","±4.5","6,616","±148","1,233","±253","18.6%","±3.7","4,835","±116","1,022","±139","21.1%","±2.9","38,535","±313","3,822","±554","9.9%","±1.4"
"            35 to 64 years","42,714","±134","3,787","±434","8.9%","±1.0","27,011","±98","3,488","±427","12.9%","±1.6","118,990","±205","8,401","±918","7.1%","±0.8","11,846","±124","1,140","±225","9.6%","±1.9","22,027","±113","1,966","±266","8.9%","±1.2","49,492","±246","5,400","±683","10.9%","±1.4","15,454","±191","1,193","±266","7.7%","±1.7","13,393","±117","1,169","±219","8.7%","±1.6","24,659","±141","2,848","±422","11.5%","±1.7","59,791","±273","6,483","±640","10.8%","±1.1","6,993","±74","1,176","±179","16.8%","±2.6","14,657","±148","1,056","±306","7.2%","±2.1","21,243","±143","3,201","±392","15.1%","±1.8","16,305","±110","1,925","±280","11.8%","±1.7","12,335","±89","2,126","±224","17.2%","±1.8","85,145","±286","5,065","±581","5.9%","±0.7"
"        60 years and over","25,616","±629","2,134","±373","8.3%","±1.4","20,799","±397","2,739","±359","13.2%","±1.7","72,069","±957","5,257","±535","7.3%","±0.7","8,930","±264","871","±223","9.8%","±2.5","18,247","±357","1,556","±259","8.5%","±1.4","32,325","±637","2,864","±432","8.9%","±1.3","13,620","±325","988","±193","7.3%","±1.4","12,335","±262","903","±192","7.3%","±1.5","17,841","±377","1,463","±263","8.2%","±1.5","38,315","±627","3,509","±453","9.2%","±1.2","5,858","±174","612","±113","10.4%","±2.0","11,045","±329","1,325","±362","12.0%","±3.3","14,676","±408","2,042","±335","13.9%","±2.2","12,412","±339","932","±177","7.5%","±1.4","10,264","±169","1,498","±228","14.6%","±2.2","57,939","±827","3,895","±514","6.7%","±0.9"
"        65 years and over","18,282","±253","1,354","±307","7.4%","±1.7","15,437","±214","2,039","±310","13.2%","±2.0","52,713","±389","3,836","±479","7.3%","±0.9","6,449","±77","585","±188","9.1%","±2.9","13,425","±158","1,174","±232","8.7%","±1.7","23,210","±258","1,840","±299","7.9%","±1.3","9,765","±76","745","±164","7.6%","±1.7","9,336","±82","594","±159","6.4%","±1.7","12,299","±101","1,015","±223","8.3%","±1.8","27,207","±222","2,166","±324","8.0%","±1.2","4,335","±123","410","±88","9.5%","±2.1","7,953","±113","1,048","±309","13.2%","±3.9","10,496","±149","1,529","±290","14.6%","±2.7","8,913","±63","620","±133","7.0%","±1.5","7,426","±119","973","±204","13.1%","±2.7","41,462","±313","2,961","±497","7.1%","±1.2"
"    SEX","","","","","","","","","","","","","","","","","","","","","","","","","","","","","","","","","","","","","","","","","","","","","","","","","","","","","","","","","","","","","","","","","","","","","","","","","","","","","","","","","","","","","","","","","","","","","","","",""
"        Male","51,013","±369","5,387","±751","10.6%","±1.5","32,296","±260","3,911","±420","12.1%","±1.3","138,653","±484","10,933","±1,089","7.9%","±0.8","14,243","±170","1,453","±250","10.2%","±1.8","25,567","±222","2,205","±271","8.6%","±1.1","57,568","±329","6,511","±761","11.3%","±1.3","18,462","±252","1,372","±286","7.4%","±1.5","16,505","±139","1,452","±275","8.8%","±1.7","28,049","±164","3,447","±480","12.3%","±1.7","71,899","±439","8,768","±745","12.2%","±1.0","8,283","±110","1,346","±200","16.3%","±2.4","17,356","±146","1,616","±323","9.3%","±1.9","24,720","±190","4,406","±594","17.8%","±2.4","19,081","±124","2,213","±267","11.6%","±1.4","14,843","±137","2,343","±219","15.8%","±1.5","98,891","±342","6,814","±850","6.9%","±0.9"
"        Female","53,437","±320","6,456","±676","12.1%","±1.3","32,949","±286","5,409","±560","16.4%","±1.7","147,479","±416","12,793","±1,198","8.7%","±0.8","14,478","±201","2,135","±420","14.7%","±2.9","27,849","±177","3,164","±380","11.4%","±1.4","60,957","±237","8,193","±854","13.4%","±1.4","19,652","±207","2,142","±405","10.9%","±2.0","17,316","±107","2,140","±426","12.4%","±2.5","28,725","±122","4,178","±507","14.5%","±1.8","73,280","±370","10,637","±850","14.5%","±1.2","8,198","±137","1,502","±223","18.3%","±2.8","18,074","±152","2,113","±387","11.7%","±2.1","25,031","±174","5,304","±504","21.2%","±2.0","19,863","±133","2,659","±379","13.4%","±1.9","15,514","±152","3,137","±295","20.2%","±1.9","103,807","±287","8,245","±917","7.9%","±0.9"
"    RACE AND HISPANIC OR LATINO ORIGIN","","","","","","","","","","","","","","","","","","","","","","","","","","","","","","","","","","","","","","","","","","","","","","","","","","","","","","","","","","","","","","","","","","","","","","","","","","","","","","","","","","","","","","","","","","","","","","","",""
"        White alone","95,275","±593","9,515","±1,062","10.0%","±1.1","61,756","±341","8,252","±765","13.4%","±1.2","260,399","±1,117","18,220","±1,687","7.0%","±0.6","27,596","±253","3,366","±578","12.2%","±2.1","51,025","±223","5,010","±513","9.8%","±1.0","113,519","±404","13,606","±1,307","12.0%","±1.1","36,740","±221","3,382","±566","9.2%","±1.5","32,366","±291","3,331","±563","10.3%","±1.7","54,496","±275","6,939","±827","12.7%","±1.5","136,924","±633","17,162","±1,198","12.5%","±0.9","15,747","±157","2,663","±346","16.9%","±2.2","33,902","±252","3,561","±592","10.5%","±1.8","47,987","±232","9,259","±944","19.3%","±2.0","37,436","±296","4,599","±538","12.3%","±1.4","27,517","±215","4,670","±411","17.0%","±1.5","191,946","±1,099","14,050","±1,483","7.3%","±0.8"
"        Black or African American alone","2,387","±417","912","±349","38.2%","±14.1","622","±119","216","±113","34.7%","±19.1","8,529","±522","2,858","±669","33.5%","±7.7","38","±40","0","±20","0.0%","±44.3","402","±83","123","±111","30.6%","±26.6","811","±218","234","±140","28.9%","±14.9","95","±65","1","±2","1.1%","±2.6","164","±54","30","±38","18.3%","±21.8","168","±42","82","±53","48.8%","±31.6","994","±230","239","±152","24.0%","±14.5","107","±27","91","±30","85.0%","±14.5","232","±99","17","±28","7.3%","±12.2","302","±93","47","±51","15.6%","±15.0","142","±67","80","±58","56.3%","±26.8","200","±114","35","±30","17.5%","±18.5","1,821","±286","332","±199","18.2%","±10.9"
"        American Indian and Alaska Native alone","159","±92","54","±65","34.0%","±28.6","1,253","±108","495","±111","39.5%","±8.5","809","±239","127","±75","15.7%","±9.6","19","±25","0","±20","0.0%","±62.6","319","±73","29","±28","9.1%","±9.3","514","±136","119","±76","23.2%","±14.0","202","±91","0","±23","0.0%","±12.7","127","±58","44","±32","34.6%","±27.8","168","±81","30","±23","17.9%","±14.8","2,007","±301","832","±308","41.5%","±12.0","44","±57","0","±17","0.0%","±41.1","123","±53","15","±20","12.2%","±16.4","143","±69","79","±53","55.2%","±22.4","163","±46","31","±17","19.0%","±10.4","1,617","±101","568","±105","35.1%","±6.7","996","±242","0","±26","0.0%","±2.7"
"        Asian alone","804","±155","31","±25","3.9%","±3.3","174","±56","44","±30","25.3%","±19.2","6,375","±377","886","±256","13.9%","±4.0","135","±44","0","±20","0.0%","±18.3","664","±101","51","±41","7.7%","±6.2","953","±160","156","±120","16.4%","±11.9","154","±68","1","±3","0.6%","±1.8","288","±50","47","±37","16.3%","±12.9","289","±73","45","±42","15.6%","±14.3","986","±229","292","±112","29.6%","±10.6","62","±33","4","±13","6.5%","±18.0","297","±86","0","±23","0.0%","±8.8","297","±60","85","±36","28.6%","±12.7","133","±43","0","±23","0.0%","±18.6","111","±28","0","±23","0.0%","±21.7","2,291","±301","181","±105","7.9%","±4.5"
"        Native Hawaiian and Other Pacific Islander alone","0","±26","0","±26","-","**","25","±18","0","±26","0.0%","±54.6","28","±33","0","±26","0.0%","±51.6","7","±10","0","±20","0.0%","±100.0","8","±14","0","±26","0.0%","±96.4","67","±45","49","±33","73.1%","±38.8","5","±7","5","±7","100.0%","±100.0","0","±23","0","±23","-","**","3","±5","0","±26","0.0%","±100.0","11","±14","5","±8","45.5%","±49.1","0","±17","0","±17","-","**","0","±23","0","±23","-","**","0","±26","0","±26","-","**","0","±23","0","±23","-","**","9","±7","0","±23","0.0%","±90.9","27","±28","5","±7","18.5%","±32.9"
"        Some other race alone","359","±274","170","±243","47.4%","±40.2","210","±97","50","±45","23.8%","±21.5","1,561","±682","54","±60","3.5%","±4.2","104","±61","1","±3","1.0%","±2.6","104","±81","32","±36","30.8%","±28.7","178","±90","26","±33","14.6%","±18.2","211","±178","0","±23","0.0%","±12.2","79","±46","54","±48","68.4%","±30.3","140","±132","122","±132","87.1%","±20.6","596","±232","39","±49","6.5%","±8.0","161","±87","0","±17","0.0%","±15.6","60","±63","0","±23","0.0%","±34.8","58","±48","8","±21","13.8%","±34.7","228","±206","7","±9","3.1%","±5.5","156","±81","46","±39","29.5%","±25.2","453","±186","44","±78","9.7%","±16.0"
"        Two or more races","5,466","±585","1,161","±356","21.2%","±6.1","1,205","±218","263","±98","21.8%","±8.1","8,431","±980","1,581","±526","18.8%","±5.7","822","±141","221","±86","26.9%","±12.2","894","±167","124","±75","13.9%","±7.9","2,483","±286","514","±175","20.7%","±7.4","707","±182","125","±83","17.7%","±11.0","797","±300","86","±67","10.8%","±8.5","1,510","±236","407","±157","27.0%","±9.2","3,661","±369","836","±207","22.8%","±5.6","360","±153","90","±82","25.0%","±20.8","816","±212","136","±126","16.7%","±15.2","964","±157","232","±105","24.1%","±11.1","842","±160","155","±63","18.4%","±7.4","747","±95","161","±51","21.6%","±6.4","5,164","±981","447","±204","8.7%","±4.2"
"        Hispanic or Latino origin (of any race)","1,949","±42","141","±69","7.2%","±3.6","819","±46","211","±100","25.8%","±12.2","5,939","±142","793","±265","13.4%","±4.4","365","±28","28","±23","7.7%","±6.2","806","±23","75","±48","9.3%","±5.9","1,784","±78","368","±130","20.6%","±7.4","529","±53","30","±39","5.7%","±7.4","407","±32","124","±61","30.5%","±14.7","789","±46","74","±49","9.4%","±6.5","1,986","±99","764","±250","38.5%","±12.3","318","±4","41","±46","12.9%","±14.6","654","±2","11","±16","1.7%","±2.5","544","±34","92","±80","16.9%","±14.4","597","±21","29","±21","4.9%","±3.6","730","±50","178","±73","24.4%","±9.6","3,616","±53","729","±325","20.2%","±9.0"
"        White alone, not Hispanic or Latino","94,541","±534","9,447","±1,071","10.0%","±1.1","61,251","±346","8,133","±767","13.3%","±1.2","256,725","±1,076","17,693","±1,639","6.9%","±0.6","27,459","±248","3,338","±578","12.2%","±2.1","50,509","±221","4,955","±509","9.8%","±1.0","112,332","±380","13,397","±1,306","11.9%","±1.2","36,494","±217","3,352","±567","9.2%","±1.6","32,064","±291","3,278","±565","10.2%","±1.8","53,897","±245","6,906","±826","12.8%","±1.5","136,027","±636","16,951","±1,205","12.5%","±0.9","15,594","±137","2,622","±344","16.8%","±2.2","33,351","±224","3,551","±592","10.6%","±1.8","47,624","±212","9,192","±950","19.3%","±2.0","36,986","±277","4,583","±538","12.4%","±1.4","27,197","±169","4,566","±404","16.8%","±1.5","189,440","±1,052","13,439","±1,388","7.1%","±0.7"
"    EDUCATIONAL ATTAINMENT","","","","","","","","","","","","","","","","","","","","","","","","","","","","","","","","","","","","","","","","","","","","","","","","","","","","","","","","","","","","","","","","","","","","","","","","","","","","","","","","","","","","","","","","","","","","","","","",""
"        Population 25 years and over","74,201","±289","6,800","±590","9.2%","±0.8","49,083","±240","6,484","±586","13.2%","±1.2","211,480","±431","15,772","±1,287","7.5%","±0.6","21,629","±123","2,044","±338","9.5%","±1.6","41,647","±207","3,736","±398","9.0%","±1.0","86,914","±304","9,380","±920","10.8%","±1.1","28,862","±178","2,326","±358","8.1%","±1.2","26,085","±123","2,327","±357","8.9%","±1.4","42,984","±135","5,026","±568","11.7%","±1.3","106,964","±297","11,429","±848","10.7%","±0.8","12,828","±121","2,008","±243","15.7%","±1.9","26,818","±112","2,591","±460","9.7%","±1.7","37,094","±124","6,210","±591","16.7%","±1.6","29,391","±83","3,205","±350","10.9%","±1.2","22,623","±140","3,706","±318","16.4%","±1.4","151,146","±347","10,183","±968","6.7%","±0.6"
"            Less than high school graduate","6,288","±640","1,317","±226","20.9%","±3.5","4,891","±509","1,265","±278","25.9%","±4.3","9,463","±767","2,351","±366","24.8%","±3.7","1,356","±194","264","±89","19.5%","±6.2","2,167","±239","492","±145","22.7%","±5.8","5,720","±544","1,542","±346","27.0%","±5.2","1,906","±366","357","±163","18.7%","±6.8","1,596","±274","510","±154","32.0%","±8.4","3,634","±453","884","±287","24.3%","±7.0","7,478","±678","1,666","±304","22.3%","±3.9","1,075","±167","363","±115","33.8%","±8.6","1,457","±252","251","±98","17.2%","±6.5","3,525","±385","1,385","±261","39.3%","±5.8","2,116","±306","644","±169","30.4%","±6.6","1,987","±206","649","±135","32.7%","±5.6","9,179","±757","1,327","±236","14.5%","±2.7"
"            High school graduate (includes equivalency)","26,264","±1,085","2,974","±395","11.3%","±1.4","18,199","±626","2,858","±368","15.7%","±1.8","45,249","±1,810","5,538","±755","12.2%","±1.6","8,384","±463","1,041","±241","12.4%","±2.8","13,036","±626","1,744","±308","13.4%","±2.2","28,754","±1,235","4,119","±654","14.3%","±2.1","8,895","±609","881","±217","9.9%","±2.4","8,515","±526","969","±236","11.4%","±2.6","17,647","±755","2,467","±348","14.0%","±1.9","35,552","±1,331","5,069","±520","14.3%","±1.4","5,295","±317","1,018","±154","19.2%","±2.8","8,164","±619","984","±242","12.1%","±2.7","15,338","±721","3,126","±524","20.4%","±3.0","9,343","±589","1,234","±187","13.2%","±2.0","8,528","±329","1,699","±204","19.9%","±2.1","44,432","±1,727","4,505","±618","10.1%","±1.3"
"            Some college, associate's degree","24,666","±1,045","1,922","±380","7.8%","±1.5","16,268","±699","1,859","±302","11.4%","±1.8","54,221","±1,767","4,245","±717","7.8%","±1.2","6,184","±483","378","±115","6.1%","±1.8","11,698","±630","745","±175","6.4%","±1.5","26,690","±1,032","2,737","±415","10.3%","±1.5","7,815","±509","741","±209","9.5%","±2.6","6,444","±377","592","±145","9.2%","±2.2","12,840","±703","1,249","±287","9.7%","±2.1","33,213","±1,188","3,210","±415","9.7%","±1.2","4,048","±298","527","±138","13.0%","±3.2","7,149","±477","655","±260","9.2%","±3.5","11,536","±598","1,286","±246","11.1%","±2.1","8,639","±548","860","±220","10.0%","±2.4","6,665","±312","987","±160","14.8%","±2.3","48,666","±1,601","2,690","±439","5.5%","±0.9"
"            Bachelor's degree or higher","16,983","±902","587","±219","3.5%","±1.3","9,725","±566","502","±123","5.2%","±1.3","102,547","±2,231","3,638","±541","3.5%","±0.5","5,705","±454","361","±143","6.3%","±2.5","14,746","±696","755","±164","5.1%","±1.1","25,750","±1,313","982","±235","3.8%","±1.0","10,246","±534","347","±107","3.4%","±1.0","9,530","±545","256","±92","2.7%","±1.0","8,863","±639","426","±126","4.8%","±1.4","30,721","±1,356","1,484","±294","4.8%","±0.9","2,410","±286","100","±44","4.1%","±1.8","10,048","±653","701","±314","7.0%","±3.1","6,695","±512","413","±135","6.2%","±1.9","9,293","±591","467","±152","5.0%","±1.5","5,443","±313","371","±101","6.8%","±1.8","48,869","±1,632","1,661","±368","3.4%","±0.7"
"    EMPLOYMENT STATUS","","","","","","","","","","","","","","","","","","","","","","","","","","","","","","","","","","","","","","","","","","","","","","","","","","","","","","","","","","","","","","","","","","","","","","","","","","","","","","","","","","","","","","","","","","","","","","","",""
"        Civilian labor force 16 years and over","55,898","±927","3,178","±536","5.7%","±1.0","30,412","±658","2,060","±243","6.8%","±0.8","166,807","±1,249","7,464","±911","4.5%","±0.5","14,590","±539","1,185","±269","8.1%","±1.8","28,775","±531","1,715","±256","6.0%","±0.9","61,879","±1,073","4,022","±567","6.5%","±0.9","20,372","±580","902","±207","4.4%","±1.0","16,929","±442","818","±145","4.8%","±0.9","27,622","±693","1,878","±327","6.8%","±1.2","75,582","±1,175","6,139","±677","8.1%","±0.9","6,962","±265","719","±165","10.3%","±2.4","19,643","±439","1,177","±283","6.0%","±1.5","23,415","±667","2,466","±413","10.5%","±1.7","19,811","±468","1,594","±285","8.0%","±1.4","13,553","±335","1,292","±170","9.5%","±1.2","113,468","±1,395","4,926","±746","4.3%","±0.6"
"            Employed","53,380","±945","2,351","±432","4.4%","±0.8","28,912","±678","1,671","±237","5.8%","±0.8","161,524","±1,522","6,535","±841","4.0%","±0.5","13,905","±533","1,050","±245","7.6%","±1.7","27,740","±560","1,454","±241","5.2%","±0.9","59,578","±1,062","3,221","±479","5.4%","±0.8","19,661","±578","847","±208","4.3%","±1.1","16,276","±493","686","±137","4.2%","±0.9","25,931","±831","1,369","±268","5.3%","±1.0","72,279","±1,178","5,129","±606","7.1%","±0.8","6,576","±302","527","±125","8.0%","±1.9","18,880","±444","1,062","±267","5.6%","±1.4","22,304","±653","2,040","±389","9.1%","±1.7","18,854","±487","1,252","±260","6.6%","±1.4","12,597","±366","890","±139","7.1%","±1.1","109,488","±1,480","4,079","±702","3.7%","±0.6"
"                Male","27,397","±629","871","±239","3.2%","±0.9","15,473","±425","875","±177","5.7%","±1.2","80,894","±1,214","3,066","±486","3.8%","±0.6","7,070","±313","492","±143","7.0%","±1.9","13,841","±424","550","±122","4.0%","±0.9","29,701","±685","1,161","±249","3.9%","±0.8","10,089","±352","303","±122","3.0%","±1.2","8,439","±384","308","±83","3.6%","±1.0","12,938","±583","558","±134","4.3%","±1.0","36,761","±794","2,001","±329","5.4%","±0.9","3,492","±245","185","±56","5.3%","±1.6","9,549","±391","467","±206","4.9%","±2.1","11,701","±420","872","±256","7.5%","±2.2","9,588","±317","533","±154","5.6%","±1.6","6,594","±231","420","±97","6.4%","±1.4","56,294","±918","1,819","±368","3.2%","±0.7"
"                Female","25,983","±662","1,480","±304","5.7%","±1.1","13,439","±461","796","±124","5.9%","±0.9","80,630","±1,020","3,469","±660","4.3%","±0.8","6,835","±385","558","±174","8.2%","±2.6","13,899","±409","904","±210","6.5%","±1.5","29,877","±785","2,060","±428","6.9%","±1.4","9,572","±451","544","±153","5.7%","±1.6","7,837","±355","378","±96","4.8%","±1.2","12,993","±498","811","±200","6.2%","±1.5","35,518","±735","3,128","±507","8.8%","±1.4","3,084","±204","342","±104","11.1%","±3.2","9,331","±299","595","±178","6.4%","±1.9","10,603","±475","1,168","±229","11.0%","±2.0","9,266","±350","719","±190","7.8%","±2.0","6,003","±224","470","±95","7.8%","±1.6","53,194","±1,022","2,260","±496","4.2%","±0.9"
"            Unemployed","2,518","±366","827","±258","32.8%","±8.8","1,500","±326","389","±121","25.9%","±8.6","5,283","±733","929","±269","17.6%","±4.6","685","±179","135","±69","19.7%","±9.1","1,035","±232","261","±77","25.2%","±7.5","2,301","±380","801","±255","34.8%","±7.9","711","±213","55","±28","7.7%","±4.8","653","±180","132","±62","20.2%","±8.7","1,691","±357","509","±180","30.1%","±9.5","3,303","±367","1,010","±225","30.6%","±6.0","386","±111","192","±94","49.7%","±17.0","763","±311","115","±75","15.1%","±11.3","1,111","±207","426","±141","38.3%","±9.8","957","±196","342","±138","35.7%","±10.8","956","±166","402","±105","42.1%","±7.7","3,980","±548","847","±253","21.3%","±5.7"
"                Male","1,244","±274","350","±163","28.1%","±10.9","878","±209","118","±66","13.4%","±7.6","3,333","±604","622","±224","18.7%","±6.0","383","±104","59","±34","15.4%","±8.9","497","±175","156","±65","31.4%","±13.3","1,485","±308","584","±232","39.3%","±10.6","429","±114","28","±22","6.5%","±5.5","337","±119","36","±29","10.7%","±8.6","1,003","±295","277","±106","27.6%","±11.4","1,796","±277","536","±155","29.8%","±7.1","223","±85","106","±64","47.5%","±20.0","522","±286","52","±47","10.0%","±11.2","633","±141","151","±74","23.9%","±11.4","564","±144","127","±79","22.5%","±12.0","618","±127","283","±93","45.8%","±10.2","2,398","±367","502","±163","20.9%","±6.4"
"                Female","1,274","±328","477","±213","37.4%","±11.8","622","±170","271","±84","43.6%","±13.4","1,950","±334","307","±119","15.7%","±6.2","302","±112","76","±46","25.2%","±13.6","538","±155","105","±44","19.5%","±8.3","816","±141","217","±80","26.6%","±9.7","282","±174","27","±16","9.6%","±8.9","316","±126","96","±59","30.4%","±14.9","688","±184","232","±144","33.7%","±16.4","1,507","±288","474","±170","31.5%","±9.8","163","±81","86","±64","52.8%","±26.4","241","±89","63","±52","26.1%","±18.2","478","±144","275","±120","57.5%","±14.0","393","±131","215","±116","54.7%","±16.2","338","±87","119","±56","35.2%","±13.6","1,582","±303","345","±168","21.8%","±9.4"
"    WORK EXPERIENCE","","","","","","","","","","","","","","","","","","","","","","","","","","","","","","","","","","","","","","","","","","","","","","","","","","","","","","","","","","","","","","","","","","","","","","","","","","","","","","","","","","","","","","","","","","","","","","","",""
"        Population 16 years and over","84,452","±422","8,849","±796","10.5%","±0.9","55,015","±328","7,392","±666","13.4%","±1.2","239,170","±643","19,597","±1,547","8.2%","±0.6","24,205","±297","2,740","±429","11.3%","±1.8","45,367","±258","4,460","±436","9.8%","±1.0","98,299","±464","11,388","±1,047","11.6%","±1.1","32,191","±227","2,686","±416","8.3%","±1.3","28,847","±180","2,634","±393","9.1%","±1.4","48,088","±170","5,745","±605","11.9%","±1.3","121,928","±599","15,554","±1,043","12.8%","±0.9","14,153","±137","2,362","±283","16.7%","±2.0","29,726","±131","2,996","±506","10.1%","±1.7","41,587","±192","7,369","±659","17.7%","±1.6","32,681","±143","3,881","±437","11.9%","±1.3","25,361","±177","4,231","±351","16.7%","±1.4","169,709","±458","12,334","±1,087","7.3%","±0.6"
"            Worked full-time, year-round in the past 12 months","38,262","±986","643","±283","1.7%","±0.7","20,326","±653","282","±105","1.4%","±0.5","112,004","±1,495","1,301","±396","1.2%","±0.4","8,579","±534","139","±73","1.6%","±0.8","18,547","±625","285","±81","1.5%","±0.4","41,406","±960","749","±204","1.8%","±0.5","12,220","±579","176","±74","1.4%","±0.6","10,407","±511","163","±68","1.6%","±0.7","16,912","±717","274","±101","1.6%","±0.6","49,533","±1,350","1,060","±258","2.1%","±0.5","4,248","±252","54","±34","1.3%","±0.8","13,028","±514","236","±132","1.8%","±1.0","14,116","±615","557","±222","3.9%","±1.5","12,587","±490","324","±125","2.6%","±1.0","7,790","±294","255","±66","3.3%","±0.9","77,691","±1,358","1,233","±329","1.6%","±0.4"
"            Worked part-time or part-year in the past 12 months","20,559","±1,003","3,021","±589","14.7%","±2.8","11,552","±569","1,771","±227","15.3%","±1.9","63,795","±1,730","6,920","±822","10.8%","±1.2","6,909","±454","1,168","±250","16.9%","±3.5","12,529","±558","1,637","±239","13.1%","±2.0","24,346","±936","3,836","±591","15.8%","±2.3","9,995","±629","923","±226","9.2%","±2.2","8,109","±537","839","±149","10.3%","±1.8","12,473","±715","1,564","±272","12.5%","±2.1","31,044","±1,336","5,921","±667","19.1%","±1.9","3,273","±262","586","±135","17.9%","±4.1","7,658","±543","990","±272","12.9%","±3.5","10,661","±697","2,131","±420","20.0%","±3.6","8,464","±521","1,415","±277","16.7%","±2.9","7,153","±348","1,137","±153","15.9%","±2.0","41,947","±1,318","4,110","±669","9.8%","±1.6"
"            Did not work","25,631","±905","5,185","±539","20.2%","±2.0","23,137","±673","5,339","±588","23.1%","±2.3","63,371","±1,298","11,376","±1,059","18.0%","±1.5","8,717","±394","1,433","±256","16.4%","±3.0","14,291","±528","2,538","±325","17.8%","±2.2","32,547","±1,071","6,803","±724","20.9%","±1.9","9,976","±532","1,587","±333","15.9%","±3.1","10,331","±513","1,632","±328","15.8%","±2.9","18,703","±816","3,907","±515","20.9%","±2.5","41,351","±1,153","8,573","±786","20.7%","±1.7","6,632","±311","1,722","±267","26.0%","±3.4","9,040","±414","1,770","±353","19.6%","±3.7","16,810","±714","4,681","±516","27.8%","±2.7","11,630","±480","2,142","±310","18.4%","±2.3","10,418","±385","2,839","±313","27.3%","±2.8","50,071","±1,231","6,991","±777","14.0%","±1.5"
"    ALL INDIVIDUALS WITH INCOME BELOW THE FOLLOWING POVERTY RATIOS","","","","","","","","","","","","","","","","","","","","","","","","","","","","","","","","","","","","","","","","","","","","","","","","","","","","","","","","","","","","","","","","","","","","","","","","","","","","","","","","","","","","","","","","","","","","","","","",""
"        50 percent of poverty level","4,143","±684","(X)","(X)","(X)","(X)","3,482","±460","(X)","(X)","(X)","(X)","9,795","±1,095","(X)","(X)","(X)","(X)","1,249","±413","(X)","(X)","(X)","(X)","2,387","±403","(X)","(X)","(X)","(X)","5,775","±793","(X)","(X)","(X)","(X)","1,566","±388","(X)","(X)","(X)","(X)","1,441","±395","(X)","(X)","(X)","(X)","2,921","±471","(X)","(X)","(X)","(X)","8,214","±932","(X)","(X)","(X)","(X)","1,153","±243","(X)","(X)","(X)","(X)","1,382","±375","(X)","(X)","(X)","(X)","3,046","±475","(X)","(X)","(X)","(X)","1,841","±387","(X)","(X)","(X)","(X)","1,959","±242","(X)","(X)","(X)","(X)","5,715","±762","(X)","(X)","(X)","(X)"
"        125 percent of poverty level","16,955","±1,509","(X)","(X)","(X)","(X)","13,748","±974","(X)","(X)","(X)","(X)","31,533","±2,560","(X)","(X)","(X)","(X)","4,787","±647","(X)","(X)","(X)","(X)","7,810","±608","(X)","(X)","(X)","(X)","20,196","±1,526","(X)","(X)","(X)","(X)","4,883","±644","(X)","(X)","(X)","(X)","5,000","±685","(X)","(X)","(X)","(X)","10,730","±983","(X)","(X)","(X)","(X)","26,182","±1,525","(X)","(X)","(X)","(X)","3,949","±449","(X)","(X)","(X)","(X)","4,419","±685","(X)","(X)","(X)","(X)","12,639","±967","(X)","(X)","(X)","(X)","6,308","±697","(X)","(X)","(X)","(X)","7,276","±523","(X)","(X)","(X)","(X)","21,068","±1,772","(X)","(X)","(X)","(X)"
"        150 percent of poverty level","22,626","±1,629","(X)","(X)","(X)","(X)","17,399","±1,073","(X)","(X)","(X)","(X)","38,930","±2,806","(X)","(X)","(X)","(X)","6,861","±800","(X)","(X)","(X)","(X)","9,418","±618","(X)","(X)","(X)","(X)","25,264","±1,822","(X)","(X)","(X)","(X)","6,649","±781","(X)","(X)","(X)","(X)","6,376","±757","(X)","(X)","(X)","(X)","14,023","±1,131","(X)","(X)","(X)","(X)","33,346","±1,764","(X)","(X)","(X)","(X)","4,749","±471","(X)","(X)","(X)","(X)","5,449","±779","(X)","(X)","(X)","(X)","15,849","±1,045","(X)","(X)","(X)","(X)","8,058","±771","(X)","(X)","(X)","(X)","8,799","±539","(X)","(X)","(X)","(X)","27,136","±2,074","(X)","(X)","(X)","(X)"
"        185 percent of poverty level","29,670","±1,657","(X)","(X)","(X)","(X)","22,540","±1,200","(X)","(X)","(X)","(X)","50,708","±3,365","(X)","(X)","(X)","(X)","8,926","±827","(X)","(X)","(X)","(X)","13,522","±795","(X)","(X)","(X)","(X)","33,316","±2,034","(X)","(X)","(X)","(X)","9,746","±886","(X)","(X)","(X)","(X)","8,163","±859","(X)","(X)","(X)","(X)","18,477","±1,077","(X)","(X)","(X)","(X)","43,324","±1,858","(X)","(X)","(X)","(X)","6,316","±543","(X)","(X)","(X)","(X)","7,428","±799","(X)","(X)","(X)","(X)","19,853","±1,203","(X)","(X)","(X)","(X)","10,988","±827","(X)","(X)","(X)","(X)","11,338","±509","(X)","(X)","(X)","(X)","38,251","±2,366","(X)","(X)","(X)","(X)"
"        200 percent of poverty level","32,671","±1,544","(X)","(X)","(X)","(X)","24,519","±1,162","(X)","(X)","(X)","(X)","56,635","±3,330","(X)","(X)","(X)","(X)","9,939","±844","(X)","(X)","(X)","(X)","14,676","±854","(X)","(X)","(X)","(X)","36,894","±1,986","(X)","(X)","(X)","(X)","10,533","±909","(X)","(X)","(X)","(X)","8,811","±883","(X)","(X)","(X)","(X)","20,312","±1,156","(X)","(X)","(X)","(X)","48,022","±1,777","(X)","(X)","(X)","(X)","6,838","±544","(X)","(X)","(X)","(X)","8,367","±843","(X)","(X)","(X)","(X)","21,734","±1,241","(X)","(X)","(X)","(X)","12,848","±1,072","(X)","(X)","(X)","(X)","12,222","±516","(X)","(X)","(X)","(X)","42,093","±2,274","(X)","(X)","(X)","(X)"
"        300 percent of poverty level","52,236","±1,684","(X)","(X)","(X)","(X)","36,790","±1,248","(X)","(X)","(X)","(X)","97,000","±3,613","(X)","(X)","(X)","(X)","15,390","±860","(X)","(X)","(X)","(X)","24,101","±1,127","(X)","(X)","(X)","(X)","57,940","±1,855","(X)","(X)","(X)","(X)","17,926","±883","(X)","(X)","(X)","(X)","15,149","±968","(X)","(X)","(X)","(X)","30,832","±1,090","(X)","(X)","(X)","(X)","74,845","±2,102","(X)","(X)","(X)","(X)","10,196","±491","(X)","(X)","(X)","(X)","14,328","±1,129","(X)","(X)","(X)","(X)","29,906","±1,113","(X)","(X)","(X)","(X)","19,578","±1,079","(X)","(X)","(X)","(X)","17,733","±661","(X)","(X)","(X)","(X)","75,666","±2,593","(X)","(X)","(X)","(X)"
"        400 percent of poverty level","68,798","±1,651","(X)","(X)","(X)","(X)","47,531","±1,119","(X)","(X)","(X)","(X)","138,617","±3,407","(X)","(X)","(X)","(X)","19,895","±862","(X)","(X)","(X)","(X)","32,138","±1,115","(X)","(X)","(X)","(X)","74,819","±1,857","(X)","(X)","(X)","(X)","23,316","±921","(X)","(X)","(X)","(X)","21,190","±814","(X)","(X)","(X)","(X)","40,673","±1,005","(X)","(X)","(X)","(X)","97,798","±1,964","(X)","(X)","(X)","(X)","12,884","±420","(X)","(X)","(X)","(X)","19,802","±1,118","(X)","(X)","(X)","(X)","37,158","±917","(X)","(X)","(X)","(X)","25,811","±1,036","(X)","(X)","(X)","(X)","22,161","±553","(X)","(X)","(X)","(X)","110,287","±3,094","(X)","(X)","(X)","(X)"
"        500 percent of poverty level","81,073","±1,601","(X)","(X)","(X)","(X)","55,096","±963","(X)","(X)","(X)","(X)","175,998","±3,228","(X)","(X)","(X)","(X)","23,224","±806","(X)","(X)","(X)","(X)","38,749","±973","(X)","(X)","(X)","(X)","88,404","±1,864","(X)","(X)","(X)","(X)","28,004","±855","(X)","(X)","(X)","(X)","25,109","±721","(X)","(X)","(X)","(X)","46,348","±960","(X)","(X)","(X)","(X)","113,807","±1,749","(X)","(X)","(X)","(X)","14,060","±351","(X)","(X)","(X)","(X)","24,187","±1,113","(X)","(X)","(X)","(X)","42,162","±748","(X)","(X)","(X)","(X)","30,604","±819","(X)","(X)","(X)","(X)","25,235","±505","(X)","(X)","(X)","(X)","137,903","±2,681","(X)","(X)","(X)","(X)"
"UNRELATED INDIVIDUALS FOR WHOM POVERTY STATUS IS DETERMINED","25,641","±1,171","5,699","±575","22.2%","±2.0","14,763","±712","4,609","±519","31.2%","±2.8","72,772","±1,893","13,465","±1,077","18.5%","±1.3","7,281","±633","1,830","±358","25.1%","±4.1","13,376","±829","2,715","±314","20.3%","±2.2","28,933","±1,429","7,832","±864","27.1%","±2.2","9,209","±645","1,579","±271","17.1%","±3.0","8,162","±574","1,674","±281","20.5%","±2.9","12,436","±630","3,273","±404","26.3%","±2.7","37,876","±1,592","10,726","±869","28.3%","±1.9","4,143","±367","1,456","±235","35.1%","±4.7","7,627","±655","1,463","±312","19.2%","±3.7","12,505","±758","4,484","±540","35.9%","±3.2","8,958","±587","2,539","±322","28.3%","±3.0","6,918","±398","2,340","±286","33.8%","±3.1","45,438","±2,001","8,155","±765","17.9%","±1.5"
"    Male","12,636","±665","2,612","±451","20.7%","±3.2","7,100","±445","1,817","±308","25.6%","±3.6","33,403","±1,222","6,114","±595","18.3%","±1.7","3,617","±378","683","±141","18.9%","±3.6","6,157","±504","989","±155","16.1%","±2.6","14,050","±843","3,272","±493","23.3%","±2.8","4,145","±403","592","±194","14.3%","±4.6","3,665","±317","655","±170","17.9%","±4.2","6,023","±434","1,358","±222","22.5%","±3.4","18,099","±893","4,686","±510","25.9%","±2.5","2,138","±238","743","±163","34.8%","±6.3","3,534","±328","570","±192","16.1%","±5.4","6,215","±494","2,004","±370","32.2%","±4.9","4,067","±367","1,189","±219","29.2%","±4.5","3,275","±224","978","±135","29.9%","±3.4","21,668","±1,180","3,504","±505","16.2%","±2.2"
"    Female","13,005","±845","3,087","±398","23.7%","±2.7","7,663","±421","2,792","±403","36.4%","±4.2","39,369","±1,337","7,351","±770","18.7%","±1.8","3,664","±364","1,147","±317","31.3%","±7.3","7,219","±510","1,726","±276","23.9%","±3.3","14,883","±918","4,560","±668","30.6%","±3.4","5,064","±438","987","±224","19.5%","±4.6","4,497","±424","1,019","±205","22.7%","±4.0","6,413","±424","1,915","±285","29.9%","±3.7","19,777","±1,068","6,040","±674","30.5%","±2.9","2,005","±239","713","±142","35.6%","±5.8","4,093","±428","893","±253","21.8%","±5.5","6,290","±423","2,480","±374","39.4%","±4.6","4,891","±417","1,350","±217","27.6%","±3.9","3,643","±279","1,362","±236","37.4%","±5.0","23,770","±1,152","4,651","±557","19.6%","±2.3"
"    15 years","41","±39","41","±39","100.0%","±42.6","42","±44","42","±44","100.0%","±42.1","50","±49","50","±49","100.0%","±38.6","15","±20","15","±20","100.0%","±70.4","15","±19","15","±19","100.0%","±70.4","43","±50","43","±50","100.0%","±41.6","49","±42","49","±42","100.0%","±39.0","8","±11","6","±10","75.0%","±51.2","20","±23","20","±23","100.0%","±61.0","9","±11","9","±11","100.0%","±90.9","0","±17","0","±17","-","**","23","±22","23","±22","100.0%","±56.9","55","±58","55","±58","100.0%","±36.7","36","±36","36","±36","100.0%","±45.5","7","±7","7","±7","100.0%","±100.0","24","±29","24","±29","100.0%","±55.7"
"    16 to 17 years","102","±66","102","±66","100.0%","±23.3","12","±12","10","±9","83.3%","±36.0","124","±76","124","±76","100.0%","±19.7","28","±27","28","±27","100.0%","±51.6","95","±83","95","±83","100.0%","±24.7","68","±47","68","±47","100.0%","±32.0","35","±45","35","±45","100.0%","±46.1","24","±19","24","±19","100.0%","±55.7","127","±86","127","±86","100.0%","±19.3","166","±115","156","±100","94.0%","±12.3","81","±48","64","±46","79.0%","±28.0","26","±37","26","±37","100.0%","±53.5","170","±79","170","±79","100.0%","±14.9","51","±33","44","±28","86.3%","±17.8","10","±11","10","±11","100.0%","±86.3","121","±92","121","±92","100.0%","±20.2"
"    18 to 24 years","2,724","±401","1,210","±355","44.4%","±10.6","1,258","±205","488","±152","38.8%","±8.5","6,928","±701","2,322","±472","33.5%","±5.8","976","±228","502","±201","51.4%","±15.0","868","±183","357","±109","41.1%","±9.9","2,759","±452","1,473","±369","53.4%","±8.8","588","±210","96","±66","16.3%","±10.8","471","±145","156","±74","33.1%","±13.4","639","±168","323","±107","50.5%","±14.3","5,553","±505","3,276","±486","59.0%","±5.4","322","±113","115","±57","35.7%","±15.8","745","±214","247","±156","33.2%","±16.5","825","±210","407","±183","49.3%","±13.7","859","±185","408","±154","47.5%","±13.7","549","±106","206","±72","37.5%","±10.9","4,012","±506","1,409","±330","35.1%","±6.5"
"    25 to 34 years","4,583","±483","638","±186","13.9%","±4.0","1,470","±228","327","±96","22.2%","±6.6","17,229","±961","2,571","±488","14.9%","±2.6","848","±176","150","±74","17.7%","±8.9","2,005","±349","222","±92","11.1%","±4.2","4,986","±505","1,210","±325","24.3%","±5.6","1,372","±235","234","±97","17.1%","±6.9","958","±194","274","±108","28.6%","±8.6","1,729","±284","440","±140","25.4%","±6.5","6,969","±653","1,564","±272","22.4%","±3.7","480","±113","252","±102","52.5%","±15.6","1,177","±221","226","±103","19.2%","±7.6","1,648","±320","788","±237","47.8%","±11.6","1,430","±213","327","±102","22.9%","±5.8","762","±127","211","±64","27.7%","±7.7","8,675","±917","1,427","±359","16.4%","±3.9"
"    35 to 44 years","2,819","±467","559","±184","19.8%","±6.3","1,368","±246","440","±146","32.2%","±9.3","8,166","±778","1,136","±221","13.9%","±2.5","463","±165","56","±40","12.1%","±7.6","1,024","±231","170","±63","16.6%","±5.8","3,073","±466","864","±338","28.1%","±8.9","845","±210","114","±71","13.5%","±8.6","794","±199","113","±61","14.2%","±7.7","1,328","±300","389","±209","29.3%","±13.3","3,442","±446","750","±182","21.8%","±4.8","287","±88","112","±67","39.0%","±18.5","718","±240","141","±88","19.6%","±12.8","1,282","±236","392","±133","30.6%","±8.2","999","±170","251","±82","25.1%","±7.6","627","±113","219","±60","34.9%","±8.5","4,110","±669","617","±214","15.0%","±5.0"
"    45 to 54 years","3,806","±446","809","±200","21.3%","±4.7","2,040","±261","692","±168","33.9%","±6.7","9,053","±670","1,848","±454","20.4%","±4.4","868","±163","228","±91","26.3%","±9.7","1,936","±284","525","±131","27.1%","±6.7","3,884","±509","1,022","±245","26.3%","±4.7","894","±205","101","±50","11.3%","±5.4","1,177","±205","244","±85","20.7%","±7.0","1,869","±269","434","±153","23.2%","±7.4","4,768","±554","1,338","±257","28.1%","±4.2","686","±128","327","±112","47.7%","±13.1","823","±195","90","±70","10.9%","±8.1","1,728","±301","597","±215","34.5%","±9.3","1,173","±201","336","±114","28.6%","±8.0","912","±115","366","±84","40.1%","±6.3","6,165","±620","941","±205","15.3%","±3.1"
"    55 to 64 years","5,017","±623","1,235","±243","24.6%","±5.2","2,932","±337","1,060","±249","36.2%","±6.8","12,125","±715","2,391","±409","19.7%","±3.0","1,727","±280","393","±169","22.8%","±9.0","2,687","±358","526","±115","19.6%","±4.0","5,947","±550","1,685","±360","28.3%","±5.1","2,075","±344","377","±138","18.2%","±6.4","1,641","±320","427","±154","26.0%","±7.9","2,886","±282","834","±189","28.9%","±5.4","6,881","±532","1,959","±303","28.5%","±4.0","816","±139","287","±89","35.2%","±8.7","1,708","±233","225","±103","13.2%","±5.8","2,714","±289","881","±217","32.5%","±6.8","1,941","±250","646","±182","33.3%","±8.1","1,463","±163","623","±126","42.6%","±6.0","8,569","±712","1,439","±277","16.8%","±3.0"
"    65 to 74 years","3,430","±411","522","±153","15.2%","±4.6","2,705","±291","701","±149","25.9%","±5.7","9,587","±666","1,438","±248","15.0%","±2.5","1,219","±206","143","±69","11.7%","±5.1","2,603","±301","281","±101","10.8%","±4.0","4,182","±418","753","±188","18.0%","±4.0","1,670","±269","196","±92","11.7%","±5.3","1,691","±246","201","±94","11.9%","±5.6","2,155","±269","293","±108","13.6%","±4.4","5,567","±449","940","±242","16.9%","±4.1","849","±151","152","±43","17.9%","±5.5","1,432","±259","299","±156","20.9%","±8.4","2,448","±322","711","±200","29.0%","±7.2","1,290","±189","328","±108","25.4%","±6.7","1,340","±128","308","±69","23.0%","±4.6","7,004","±714","1,175","±320","16.8%","±3.8"
"    75 years and over","3,119","±403","583","±261","18.7%","±7.1","2,936","±290","849","±215","28.9%","±6.3","9,510","±674","1,585","±337","16.7%","±3.2","1,137","±246","315","±167","27.7%","±10.8","2,143","±227","524","±157","24.5%","±7.0","3,991","±382","714","±166","17.9%","±4.2","1,681","±233","377","±145","22.4%","±8.7","1,398","±184","229","±78","16.4%","±5.0","1,683","±213","413","±147","24.5%","±8.3","4,521","±403","734","±189","16.2%","±3.9","622","±86","147","±68","23.6%","±10.2","975","±172","186","±88","19.1%","±8.1","1,635","±261","483","±148","29.5%","±7.3","1,179","±189","163","±63","13.8%","±4.8","1,248","±166","390","±180","31.3%","±11.7","6,758","±634","1,002","±263","14.8%","±3.8"
"    Mean income deficit for unrelated individuals (dollars)","5,955","±504","(X)","(X)","(X)","(X)","5,581","±389","(X)","(X)","(X)","(X)","6,545","±376","(X)","(X)","(X)","(X)","5,446","±575","(X)","(X)","(X)","(X)","6,068","±555","(X)","(X)","(X)","(X)","5,969","±531","(X)","(X)","(X)","(X)","5,735","±717","(X)","(X)","(X)","(X)","6,185","±614","(X)","(X)","(X)","(X)","7,020","±534","(X)","(X)","(X)","(X)","6,302","±384","(X)","(X)","(X)","(X)","6,421","±768","(X)","(X)","(X)","(X)","6,193","±718","(X)","(X)","(X)","(X)","7,035","±662","(X)","(X)","(X)","(X)","6,081","±598","(X)","(X)","(X)","(X)","5,736","±439","(X)","(X)","(X)","(X)","6,440","±414","(X)","(X)","(X)","(X)"
"    Worked full-time, year-round in the past 12 months","10,449","±736","303","±182","2.9%","±1.7","4,605","±402","101","±68","2.2%","±1.4","33,769","±1,346","645","±225","1.9%","±0.7","2,134","±319","14","±11","0.7%","±0.5","5,078","±517","115","±48","2.3%","±1.0","10,822","±703","309","±144","2.9%","±1.3","3,502","±459","87","±50","2.5%","±1.4","2,507","±280","62","±32","2.5%","±1.3","3,877","±374","103","±59","2.7%","±1.5","13,996","±1,032","636","±214","4.5%","±1.5","1,011","±181","10","±11","1.0%","±1.1","3,548","±466","109","±85","3.1%","±2.4","3,089","±372","110","±50","3.6%","±1.6","3,081","±367","206","±116","6.7%","±3.8","1,638","±205","86","±39","5.3%","±2.3","20,048","±1,300","669","±197","3.3%","±1.0"
"    Worked less than full-time, year-round in the past 12 months","6,086","±614","1,699","±334","27.9%","±5.0","2,520","±261","961","±164","38.1%","±5.3","17,446","±1,005","4,906","±758","28.1%","±3.7","2,110","±369","752","±206","35.6%","±6.9","3,864","±435","1,035","±191","26.8%","±5.0","6,975","±676","2,692","±496","38.6%","±5.0","2,627","±470","448","±134","17.1%","±5.4","2,068","±309","508","±111","24.6%","±5.3","2,660","±281","685","±126","25.8%","±4.6","9,907","±836","4,160","±566","42.0%","±4.0","880","±145","330","±90","37.5%","±9.0","1,838","±333","582","±213","31.7%","±9.2","2,969","±404","952","±200","32.1%","±6.5","2,395","±303","955","±207","39.9%","±6.4","1,723","±153","485","±90","28.1%","±4.5","9,731","±955","2,552","±412","26.2%","±4.3"
"    Did not work","9,106","±679","3,697","±489","40.6%","±4.2","7,638","±606","3,547","±488","46.4%","±4.3","21,557","±1,096","7,914","±775","36.7%","±2.6","3,037","±351","1,064","±234","35.0%","±6.0","4,434","±347","1,565","±240","35.3%","±4.5","11,136","±964","4,831","±672","43.4%","±3.9","3,080","±354","1,044","±222","33.9%","±6.4","3,587","±428","1,104","±241","30.8%","±5.7","5,899","±529","2,485","±384","42.1%","±4.9","13,973","±797","5,930","±620","42.4%","±3.3","2,252","±273","1,116","±236","49.6%","±6.8","2,241","±289","772","±227","34.4%","±7.9","6,447","±602","3,422","±495","53.1%","±4.8","3,482","±394","1,378","±235","39.6%","±4.8","3,557","±282","1,769","±272","49.7%","±5.2","15,659","±1,151","4,934","±669","31.5%","±3.2"